Time (ms),Main Avg Current (mA)
0.00,5.75
0.20,5.728
0.40,5.81
0.60,5.736
0.80,5.784
1.00,5.8
1.20,5.802
1.40,5.712
1.60,5.786
1.80,5.778
2.00,5.784
2.20,5.78
2.40,5.748
2.60,5.794
2.80,5.772
3.00,5.75
3.20,5.858
3.40,5.656
3.60,5.808
3.80,5.744
4.00,5.734
4.20,5.808
4.40,5.778
4.60,5.754
4.80,5.756
5.00,5.736
5.20,5.758
5.40,5.78
5.60,5.754
5.80,5.778
6.00,5.776
6.20,5.732
6.40,5.788
6.60,5.8
6.80,5.778
7.00,5.748
7.20,5.788
7.40,5.784
7.60,5.77
7.80,5.764
8.00,5.706
8.20,5.744
8.40,5.758
8.60,5.794
8.80,5.766
9.00,5.766
9.20,5.734
9.40,5.778
9.60,5.72
9.80,5.806
10.00,5.758
10.20,5.766
10.40,5.784
10.60,5.762
10.80,5.778
11.00,5.778
11.20,5.77
11.40,5.772
11.60,5.736
11.80,5.77
12.00,5.744
12.20,5.78
12.40,5.744
12.60,5.776
12.80,5.772
13.00,5.778
13.20,5.736
13.40,5.714
13.60,5.806
13.80,5.756
14.00,5.742
14.20,5.814
14.40,5.726
14.60,5.764
14.80,5.75
15.00,5.736
15.20,5.766
15.40,5.762
15.60,5.764
15.80,5.74
16.00,5.772
16.20,5.732
16.40,5.77
16.60,5.82
16.80,5.754
17.00,5.772
17.20,5.778
17.40,5.77
17.60,5.762
17.80,5.78
18.00,5.798
18.20,5.754
18.40,5.784
18.60,5.788
18.80,5.766
19.00,5.748
19.20,5.828
19.40,5.748
19.60,5.78
19.80,5.744
20.00,5.764
20.20,5.77
20.40,5.792
20.60,5.754
20.80,5.778
21.00,5.776
21.20,5.85
21.40,5.732
21.60,5.736
21.80,5.766
22.00,5.764
22.20,5.75
22.40,5.758
22.60,5.762
22.80,5.77
23.00,5.786
23.20,5.77
23.40,5.794
23.60,5.784
23.80,5.718
24.00,5.728
24.20,5.732
24.40,5.766
24.60,5.744
24.80,5.766
25.00,5.748
25.20,5.78
25.40,5.728
25.60,5.754
25.80,5.764
26.00,5.788
26.20,5.75
26.40,5.794
26.60,5.718
26.80,5.758
27.00,5.742
27.20,5.8
27.40,5.758
27.60,5.77
27.80,5.772
28.00,5.766
28.20,5.792
28.40,5.758
28.60,5.778
28.80,5.772
29.00,5.75
29.20,5.756
29.40,5.78
29.60,5.784
29.80,5.736
30.00,5.722
30.20,5.776
30.40,5.762
30.60,5.762
30.80,5.75
31.00,5.798
31.20,5.764
31.40,5.756
31.60,5.754
31.80,5.744
32.00,5.748
32.20,5.762
32.40,5.786
32.60,5.762
32.80,5.75
33.00,5.8
33.20,5.72
33.40,5.784
33.60,5.748
33.80,5.788
34.00,5.788
34.20,5.756
34.40,5.758
34.60,5.736
34.80,5.778
35.00,5.806
35.20,5.802
35.40,5.722
35.60,5.788
35.80,5.788
36.00,5.75
36.20,5.8
36.40,5.714
36.60,5.762
36.80,5.718
37.00,5.784
37.20,5.772
37.40,5.764
37.60,5.762
37.80,5.8
38.00,5.772
38.20,5.762
38.40,5.794
38.60,5.748
38.80,5.718
39.00,5.784
39.20,5.858
39.40,5.69
39.60,5.798
39.80,5.756
40.00,5.712
40.20,5.754
40.40,5.744
40.60,5.772
40.80,5.748
41.00,5.78
41.20,5.778
41.40,5.732
41.60,5.772
41.80,5.758
42.00,5.74
42.20,5.77
42.40,5.762
42.60,5.802
42.80,5.77
43.00,5.8
43.20,5.722
43.40,5.77
43.60,5.792
43.80,5.744
44.00,5.794
44.20,5.748
44.40,5.802
44.60,5.74
44.80,5.766
45.00,5.764
45.20,5.766
45.40,5.748
45.60,5.81
45.80,5.766
46.00,5.756
46.20,5.75
46.40,5.806
46.60,5.706
46.80,5.776
47.00,5.77
47.20,5.744
47.40,5.744
47.60,5.758
47.80,5.734
48.00,5.764
48.20,5.764
48.40,5.754
48.60,5.766
48.80,5.764
49.00,5.736
49.20,5.744
49.40,5.788
49.60,5.762
49.80,5.766
50.00,5.794
50.20,5.75
50.40,5.75
50.60,5.758
50.80,5.792
51.00,5.754
51.20,5.824
51.40,5.714
51.60,5.82
51.80,5.764
52.00,5.748
52.20,5.756
52.40,5.744
52.60,5.788
52.80,5.75
53.00,5.808
53.20,5.778
53.40,5.758
53.60,5.758
53.80,5.778
54.00,5.744
54.20,5.776
54.40,5.77
54.60,5.766
54.80,5.75
55.00,5.742
55.20,5.77
55.40,5.78
55.60,5.792
55.80,5.758
56.00,5.762
56.20,5.742
56.40,5.762
56.60,5.786
56.80,5.786
57.00,5.74
57.20,5.868
57.40,5.684
57.60,5.698
57.80,5.808
58.00,5.736
58.20,5.756
58.40,5.726
58.60,5.806
58.80,5.792
59.00,5.744
59.20,5.794
59.40,5.75
59.60,5.778
59.80,5.766
60.00,5.754
60.20,5.748
60.40,5.756
60.60,5.778
60.80,5.754
61.00,5.8
61.20,5.794
61.40,5.772
61.60,5.736
61.80,5.8
62.00,5.778
62.20,5.792
62.40,5.798
62.60,5.732
62.80,5.756
63.00,5.75
63.20,5.758
63.40,5.778
63.60,5.75
63.80,5.756
64.00,5.758
64.20,5.784
64.40,5.786
64.60,5.706
64.80,5.754
65.00,5.72
65.20,5.762
65.40,5.764
65.60,5.75
65.80,5.75
66.00,5.788
66.20,5.75
66.40,5.788
66.60,5.778
66.80,5.742
67.00,5.764
67.20,5.78
67.40,5.758
67.60,5.756
67.80,5.788
68.00,5.764
68.20,5.842
68.40,5.754
68.60,5.734
68.80,5.764
69.00,5.77
69.20,5.778
69.40,5.754
69.60,5.77
69.80,5.736
70.00,5.792
70.20,5.824
70.40,5.798
70.60,5.736
70.80,5.786
71.00,5.726
71.20,5.81
71.40,5.762
71.60,5.734
71.80,5.802
72.00,5.748
72.20,5.776
72.40,5.748
72.60,5.766
72.80,5.808
73.00,5.744
73.20,5.77
73.40,5.742
73.60,5.766
73.80,5.75
74.00,5.718
74.20,5.788
74.40,5.786
74.60,5.714
74.80,5.758
75.00,5.758
75.20,5.838
75.40,5.67
75.60,5.77
75.80,5.726
76.00,5.758
76.20,5.78
76.40,5.756
76.60,5.766
76.80,5.77
77.00,5.748
77.20,5.794
77.40,5.786
77.60,5.776
77.80,5.75
78.00,5.78
78.20,5.736
78.40,5.792
78.60,5.81
78.80,5.8
79.00,5.722
79.20,5.776
79.40,5.778
79.60,5.794
79.80,5.758
80.00,5.772
80.20,5.742
80.40,5.778
80.60,5.75
80.80,5.728
81.00,5.778
81.20,5.762
81.40,5.764
81.60,5.756
81.80,5.78
82.00,5.77
82.20,5.764
82.40,5.788
82.60,5.762
82.80,5.756
83.00,5.758
83.20,5.758
83.40,5.766
83.60,5.756
83.80,5.758
84.00,5.764
84.20,5.78
84.40,5.712
84.60,5.78
84.80,5.778
85.00,5.816
85.20,5.712
85.40,5.728
85.60,5.78
85.80,5.758
86.00,5.754
86.20,5.81
86.40,5.758
86.60,5.794
86.80,5.74
87.00,5.748
87.20,5.798
87.40,5.734
87.60,5.8
87.80,5.748
88.00,5.776
88.20,5.756
88.40,5.77
88.60,5.764
88.80,5.756
89.00,5.71
89.20,5.714
89.40,5.778
89.60,5.794
89.80,5.758
90.00,5.736
90.20,5.8
90.40,5.748
90.60,5.77
90.80,5.756
91.00,5.748
91.20,5.732
91.40,5.766
91.60,5.754
91.80,5.788
92.00,5.778
92.20,5.748
92.40,5.728
92.60,5.766
92.80,5.754
93.00,5.776
93.20,5.876
93.40,5.662
93.60,5.786
93.80,5.766
94.00,5.762
94.20,5.798
94.40,5.778
94.60,5.784
94.80,5.748
95.00,5.808
95.20,5.766
95.40,5.748
95.60,5.756
95.80,5.792
96.00,5.756
96.20,5.766
96.40,5.744
96.60,5.722
96.80,5.792
97.00,5.778
97.20,5.766
97.40,5.764
97.60,5.748
97.80,5.742
98.00,5.8
98.20,5.766
98.40,5.728
98.60,5.762
98.80,5.778
99.00,5.74
99.20,5.802
99.40,5.726
99.60,5.71
99.80,5.798
100.00,5.758
100.20,5.766
100.40,5.762
100.60,5.736
100.80,5.802
101.00,5.802
101.20,5.736
101.40,5.754
101.60,5.736
101.80,5.784
102.00,5.794
102.20,5.772
102.40,5.772
102.60,5.776
102.80,5.776
103.00,5.758
103.20,5.778
103.40,5.754
103.60,5.758
103.80,5.806
104.00,5.766
104.20,5.764
104.40,5.758
104.60,5.78
104.80,5.772
105.00,5.772
105.20,5.722
105.40,5.82
105.60,5.72
105.80,5.766
106.00,5.772
106.20,5.792
106.40,5.75
106.60,5.794
106.80,5.692
107.00,5.776
107.20,5.762
107.40,5.748
107.60,5.798
107.80,5.732
108.00,5.758
108.20,5.778
108.40,5.726
108.60,5.74
108.80,5.81
109.00,5.766
109.20,5.736
109.40,5.74
109.60,5.744
109.80,5.742
110.00,5.77
110.20,5.792
110.40,5.766
110.60,5.808
110.80,5.766
111.00,5.766
111.20,5.83
111.40,5.712
111.60,5.75
111.80,5.758
112.00,5.744
112.20,5.754
112.40,5.758
112.60,5.766
112.80,5.806
113.00,5.772
113.20,5.748
113.40,5.742
113.60,5.772
113.80,5.77
114.00,5.786
114.20,5.764
114.40,5.714
114.60,5.742
114.80,5.744
115.00,5.748
115.20,5.8
115.40,5.74
115.60,5.776
115.80,5.748
116.00,5.808
116.20,5.732
116.40,5.748
116.60,5.798
116.80,5.74
117.00,5.756
117.20,5.77
117.40,5.806
117.60,5.75
117.80,5.808
118.00,5.772
118.20,5.758
118.40,5.778
118.60,5.77
118.80,5.756
119.00,5.792
119.20,5.754
119.40,5.756
119.60,5.748
119.80,5.784
120.00,5.784
120.20,5.744
120.40,5.748
120.60,5.786
120.80,5.778
121.00,5.778
121.20,5.714
121.40,5.712
121.60,5.8
121.80,5.792
122.00,5.742
122.20,5.74
122.40,5.794
122.60,5.766
122.80,5.77
123.00,5.77
123.20,5.784
123.40,5.762
123.60,5.78
123.80,5.776
124.00,5.788
124.20,5.728
124.40,5.732
124.60,5.754
124.80,5.758
125.00,5.758
125.20,5.766
125.40,5.784
125.60,5.718
125.80,5.744
126.00,5.77
126.20,5.722
126.40,5.764
126.60,5.788
126.80,5.758
127.00,5.788
127.20,5.78
127.40,5.798
127.60,5.758
127.80,5.77
128.00,5.728
128.20,5.75
128.40,5.794
128.60,5.78
128.80,5.8
129.00,5.758
129.20,5.828
129.40,5.668
129.60,5.75
129.80,5.742
130.00,5.766
130.20,5.748
130.40,5.744
130.60,5.78
130.80,5.744
131.00,5.778
131.20,5.734
131.40,5.786
131.60,5.754
131.80,5.784
132.00,5.766
132.20,5.806
132.40,5.75
132.60,5.726
132.80,5.794
133.00,5.72
133.20,5.722
133.40,5.77
133.60,5.806
133.80,5.77
134.00,5.754
134.20,5.772
134.40,5.78
134.60,5.784
134.80,5.71
135.00,5.808
135.20,5.778
135.40,5.756
135.60,5.744
135.80,5.748
136.00,5.8
136.20,5.794
136.40,5.762
136.60,5.764
136.80,5.75
137.00,5.798
137.20,5.758
137.40,5.754
137.60,5.758
137.80,5.802
138.00,5.726
138.20,5.786
138.40,5.748
138.60,5.778
138.80,5.734
139.00,5.794
139.20,5.784
139.40,5.788
139.60,5.766
139.80,5.764
140.00,5.722
140.20,5.778
140.40,5.77
140.60,5.754
140.80,5.706
141.00,5.766
141.20,5.78
141.40,5.756
141.60,5.772
141.80,5.732
142.00,5.766
142.20,5.758
142.40,5.776
142.60,5.78
142.80,5.754
143.00,5.758
143.20,5.75
143.40,5.754
143.60,5.75
143.80,5.784
144.00,5.744
144.20,5.772
144.40,5.764
144.60,5.816
144.80,5.784
145.00,5.776
145.20,5.75
145.40,5.758
145.60,5.762
145.80,5.722
146.00,5.778
146.20,5.756
146.40,5.82
146.60,5.714
146.80,5.764
147.00,5.764
147.20,5.822
147.40,5.654
147.60,5.706
147.80,5.784
148.00,5.798
148.20,5.758
148.40,5.778
148.60,5.77
148.80,5.742
149.00,5.776
149.20,5.748
149.40,5.736
149.60,5.758
149.80,5.77
150.00,5.8
150.20,5.772
150.40,5.764
150.60,5.776
150.80,5.794
151.00,5.762
151.20,5.772
151.40,5.794
151.60,5.734
151.80,5.75
152.00,5.762
152.20,5.778
152.40,5.756
152.60,5.802
152.80,5.762
153.00,5.778
153.20,5.778
153.40,5.766
153.60,5.756
153.80,5.762
154.00,5.78
154.20,5.74
154.40,5.81
154.60,5.762
154.80,5.77
155.00,5.726
155.20,5.792
155.40,5.776
155.60,5.772
155.80,5.75
156.00,5.762
156.20,5.81
156.40,5.75
156.60,5.77
156.80,5.794
157.00,5.726
157.20,5.802
157.40,5.726
157.60,5.742
157.80,5.742
158.00,5.792
158.20,5.766
158.40,5.74
158.60,5.766
158.80,5.748
159.00,5.766
159.20,5.742
159.40,5.778
159.60,5.712
159.80,5.776
160.00,5.802
160.20,5.744
160.40,5.802
160.60,5.778
160.80,5.764
161.00,5.778
161.20,5.766
161.40,5.764
161.60,5.784
161.80,5.732
162.00,5.816
162.20,5.728
162.40,5.766
162.60,5.806
162.80,5.756
163.00,5.71
163.20,5.764
163.40,5.792
163.60,5.712
163.80,5.744
164.00,5.758
164.20,5.8
164.40,5.714
164.60,5.756
164.80,5.74
165.00,5.758
165.20,5.838
165.40,5.676
165.60,5.75
165.80,5.742
166.00,5.788
166.20,5.784
166.40,5.762
166.60,5.77
166.80,5.742
167.00,5.794
167.20,5.762
167.40,5.756
167.60,5.8
167.80,5.776
168.00,5.788
168.20,5.74
168.40,5.786
168.60,5.772
168.80,5.734
169.00,5.792
169.20,5.778
169.40,5.792
169.60,5.764
169.80,5.78
170.00,5.764
170.20,5.762
170.40,5.748
170.60,5.77
170.80,5.762
171.00,5.806
171.20,5.732
171.40,5.786
171.60,5.778
171.80,5.764
172.00,5.706
172.20,5.784
172.40,5.778
172.60,5.756
172.80,5.786
173.00,5.81
173.20,5.744
173.40,5.744
173.60,5.77
173.80,5.732
174.00,5.754
174.20,5.778
174.40,5.732
174.60,5.714
174.80,5.778
175.00,5.754
175.20,5.756
175.40,5.726
175.60,5.764
175.80,5.792
176.00,5.754
176.20,5.772
176.40,5.792
176.60,5.714
176.80,5.742
177.00,5.814
177.20,5.764
177.40,5.736
177.60,5.74
177.80,5.766
178.00,5.772
178.20,5.806
178.40,5.758
178.60,5.778
178.80,5.778
179.00,5.742
179.20,5.728
179.40,5.776
179.60,5.766
179.80,5.794
180.00,5.776
180.20,5.748
180.40,5.748
180.60,5.778
180.80,5.756
181.00,5.776
181.20,5.742
181.40,5.762
181.60,5.78
181.80,5.718
182.00,5.75
182.20,5.78
182.40,5.744
182.60,5.75
182.80,5.748
183.00,5.808
183.20,5.832
183.40,5.638
183.60,5.764
183.80,5.816
184.00,5.762
184.20,5.78
184.40,5.778
184.60,5.766
184.80,5.75
185.00,5.754
185.20,5.778
185.40,5.776
185.60,5.74
185.80,5.802
186.00,5.754
186.20,5.786
186.40,5.74
186.60,5.762
186.80,5.802
187.00,5.762
187.20,5.77
187.40,5.772
187.60,5.784
187.80,5.742
188.00,5.792
188.20,5.758
188.40,5.726
188.60,5.794
188.80,5.77
189.00,5.788
189.20,5.78
189.40,5.704
189.60,5.758
189.80,5.784
190.00,5.742
190.20,5.764
190.40,5.788
190.60,5.736
190.80,5.778
191.00,5.732
191.20,5.728
191.40,5.78
191.60,5.766
191.80,5.736
192.00,5.744
192.20,5.75
192.40,5.728
192.60,5.788
192.80,5.758
193.00,5.792
193.20,5.742
193.40,5.756
193.60,5.788
193.80,5.744
194.00,5.778
194.20,5.794
194.40,5.77
194.60,5.744
194.80,5.798
195.00,5.744
195.20,5.748
195.40,5.8
195.60,5.758
195.80,5.698
196.00,5.756
196.20,5.814
196.40,5.736
196.60,5.734
196.80,5.736
197.00,5.792
197.20,5.754
197.40,5.78
197.60,5.766
197.80,5.728
198.00,5.736
198.20,5.776
198.40,5.772
198.60,5.712
198.80,5.784
199.00,5.764
199.20,5.756
199.40,5.742
199.60,5.744
199.80,5.784
200.00,5.792
200.20,5.728
200.40,5.72
200.60,5.762
200.80,5.788
201.00,5.748
201.20,5.86
201.40,5.674
201.60,5.78
201.80,5.786
202.00,5.798
202.20,5.794
202.40,5.766
202.60,5.766
202.80,5.75
203.00,5.802
203.20,5.81
203.40,5.748
203.60,5.762
203.80,5.758
204.00,5.8
204.20,5.778
204.40,5.758
204.60,5.788
204.80,5.728
205.00,5.754
205.20,5.816
205.40,5.742
205.60,5.744
205.80,5.786
206.00,5.756
206.20,5.728
206.40,5.778
206.60,5.778
206.80,5.728
207.00,5.784
207.20,5.762
207.40,5.756
207.60,5.764
207.80,5.776
208.00,5.766
208.20,5.74
208.40,5.744
208.60,5.758
208.80,5.772
209.00,5.722
209.20,5.734
209.40,5.75
209.60,5.776
209.80,5.744
210.00,5.772
210.20,5.792
210.40,5.758
210.60,5.74
210.80,5.78
211.00,5.762
211.20,5.742
211.40,5.726
211.60,5.776
211.80,5.786
212.00,5.78
212.20,5.756
212.40,5.762
212.60,5.756
212.80,5.75
213.00,5.744
213.20,5.788
213.40,5.744
213.60,5.776
213.80,5.78
214.00,5.7
214.20,5.756
214.40,5.762
214.60,5.732
214.80,5.74
215.00,5.806
215.20,5.778
215.40,5.732
215.60,5.736
215.80,5.776
216.00,5.75
216.20,5.706
216.40,5.81
216.60,5.722
216.80,5.784
217.00,5.8
217.20,5.8
217.40,5.814
217.60,5.766
217.80,5.748
218.00,5.722
218.20,5.784
218.40,5.734
218.60,5.824
218.80,5.758
219.00,5.756
219.20,5.842
219.40,5.696
219.60,5.778
219.80,5.75
220.00,5.75
220.20,5.748
220.40,5.764
220.60,5.758
220.80,5.758
221.00,5.798
221.20,5.766
221.40,5.742
221.60,5.808
221.80,5.772
222.00,5.792
222.20,5.712
222.40,5.754
222.60,5.776
222.80,5.78
223.00,5.75
223.20,5.772
223.40,5.75
223.60,5.764
223.80,5.754
224.00,5.78
224.20,5.778
224.40,5.764
224.60,5.728
224.80,5.718
225.00,5.794
225.20,5.756
225.40,5.742
225.60,5.728
225.80,5.756
226.00,5.77
226.20,5.762
226.40,5.784
226.60,5.758
226.80,5.744
227.00,5.776
227.20,5.764
227.40,5.748
227.60,5.754
227.80,5.758
228.00,5.754
228.20,5.758
228.40,5.792
228.60,5.802
228.80,5.74
229.00,5.742
229.20,5.734
229.40,5.756
229.60,5.744
229.80,5.8
230.00,5.734
230.20,5.728
230.40,5.742
230.60,5.732
230.80,5.764
231.00,5.756
231.20,5.75
231.40,5.748
231.60,5.776
231.80,5.756
232.00,5.744
232.20,5.744
232.40,5.764
232.60,5.776
232.80,5.764
233.00,5.792
233.20,5.736
233.40,5.816
233.60,5.764
233.80,5.77
234.00,5.748
234.20,5.744
234.40,5.778
234.60,5.74
234.80,5.756
235.00,5.764
235.20,5.77
235.40,5.816
235.60,5.758
235.80,5.766
236.00,5.75
236.20,5.74
236.40,5.798
236.60,5.734
236.80,5.762
237.00,5.8
237.20,5.86
237.40,5.67
237.60,5.78
237.80,5.736
238.00,5.75
238.20,5.776
238.40,5.816
238.60,5.754
238.80,5.794
239.00,5.766
239.20,5.756
239.40,5.732
239.60,5.762
239.80,5.798
240.00,5.728
240.20,5.766
240.40,5.778
240.60,5.742
240.80,5.758
241.00,5.766
241.20,5.758
241.40,5.734
241.60,5.784
241.80,5.742
242.00,5.75
242.20,5.748
242.40,5.81
242.60,5.718
242.80,5.778
243.00,5.77
243.20,5.756
243.40,5.758
243.60,5.776
243.80,5.756
244.00,5.756
244.20,5.776
244.40,5.756
244.60,5.714
244.80,5.772
245.00,5.722
245.20,5.816
245.40,5.74
245.60,5.764
245.80,5.764
246.00,5.77
246.20,5.742
246.40,5.766
246.60,5.762
246.80,5.798
247.00,5.75
247.20,5.722
247.40,5.792
247.60,5.742
247.80,5.732
248.00,5.736
248.20,5.748
248.40,5.732
248.60,5.772
248.80,5.778
249.00,5.77
249.20,5.698
249.40,5.742
249.60,5.792
249.80,5.766
250.00,5.754
250.20,5.75
250.40,5.75
250.60,5.764
250.80,5.778
251.00,5.78
251.20,5.792
251.40,5.758
251.60,5.748
251.80,5.734
252.00,5.802
252.20,5.762
252.40,5.792
252.60,5.758
252.80,5.754
253.00,5.82
253.20,5.77
253.40,5.74
253.60,5.742
253.80,5.754
254.00,5.784
254.20,5.786
254.40,5.714
254.60,5.798
254.80,5.778
255.00,5.762
255.20,5.882
255.40,5.66
255.60,5.736
255.80,5.758
256.00,5.766
256.20,5.754
256.40,5.772
256.60,5.77
256.80,5.772
257.00,5.758
257.20,5.764
257.40,5.74
257.60,5.786
257.80,5.74
258.00,5.776
258.20,5.722
258.40,5.75
258.60,5.732
258.80,5.788
259.00,5.742
259.20,5.748
259.40,5.742
259.60,5.742
259.80,5.772
260.00,5.732
260.20,5.748
260.40,5.722
260.60,5.766
260.80,5.792
261.00,5.748
261.20,5.742
261.40,5.786
261.60,5.744
261.80,5.78
262.00,5.788
262.20,5.712
262.40,5.794
262.60,5.784
262.80,5.758
263.00,5.69
263.20,5.74
263.40,5.78
263.60,5.758
263.80,5.742
264.00,5.736
264.20,5.75
264.40,5.754
264.60,5.802
264.80,5.78
265.00,5.742
265.20,5.764
265.40,5.72
265.60,5.728
265.80,5.78
266.00,5.744
266.20,5.74
266.40,5.726
266.60,5.786
266.80,5.792
267.00,5.792
267.20,5.792
267.40,5.74
267.60,5.756
267.80,5.776
268.00,5.802
268.20,5.802
268.40,5.754
268.60,5.732
268.80,5.824
269.00,5.77
269.20,5.762
269.40,5.766
269.60,5.794
269.80,5.772
270.00,5.728
270.20,5.786
270.40,5.776
270.60,5.748
270.80,5.762
271.00,5.772
271.20,5.734
271.40,5.792
271.60,5.764
271.80,5.78
272.00,5.792
272.20,5.75
272.40,5.742
272.60,5.758
272.80,5.758
273.00,5.776
273.20,5.778
273.40,5.684
273.60,5.822
273.80,5.736
274.00,5.75
274.20,5.732
274.40,5.806
274.60,5.78
274.80,5.764
275.00,5.766
275.20,5.762
275.40,5.744
275.60,5.742
275.80,5.758
276.00,5.744
276.20,5.788
276.40,5.778
276.60,5.766
276.80,5.742
277.00,5.754
277.20,5.762
277.40,5.748
277.60,5.784
277.80,5.736
278.00,5.778
278.20,5.712
278.40,5.74
278.60,5.784
278.80,5.732
279.00,5.758
279.20,5.754
279.40,5.794
279.60,5.734
279.80,5.764
280.00,5.742
280.20,5.784
280.40,5.732
280.60,5.698
280.80,5.802
281.00,5.77
281.20,5.726
281.40,5.762
281.60,5.792
281.80,5.72
282.00,5.736
282.20,5.766
282.40,5.81
282.60,5.77
282.80,5.736
283.00,5.756
283.20,5.742
283.40,5.758
283.60,5.726
283.80,5.784
284.00,5.778
284.20,5.772
284.40,5.792
284.60,5.786
284.80,5.736
285.00,5.778
285.20,5.732
285.40,5.8
285.60,5.772
285.80,5.832
286.00,5.758
286.20,5.734
286.40,5.784
286.60,5.756
286.80,5.744
287.00,5.78
287.20,5.778
287.40,5.732
287.60,5.786
287.80,5.784
288.00,5.762
288.20,5.75
288.40,5.81
288.60,5.734
288.80,5.756
289.00,5.712
289.20,5.778
289.40,5.77
289.60,5.822
289.80,5.71
290.00,5.744
290.20,5.722
290.40,5.776
290.60,5.788
290.80,5.756
291.20,5.732
291.40,5.76
291.60,5.706
291.80,5.78
292.00,5.708
292.20,5.732
292.40,5.764
292.60,5.774
292.80,5.774
293.00,5.742
293.20,5.736
293.40,5.758
293.60,5.78
293.80,5.758
294.00,5.754
294.20,5.774
294.40,5.736
294.60,5.76
294.80,5.736
295.00,5.71
295.20,5.768
295.40,5.75
295.60,5.786
295.80,5.76
296.00,5.752
296.20,5.738
296.40,5.774
296.60,5.754
296.80,5.73
297.00,5.79
297.20,5.73
297.40,5.818
297.60,5.738
297.80,5.73
298.00,5.72
298.20,5.72
298.40,5.766
298.60,5.76
298.80,5.76
299.00,5.742
299.20,5.754
299.40,5.776
299.60,5.758
299.80,5.758
300.00,5.76
300.20,5.824
300.40,5.772
300.60,5.744
300.80,5.744
301.00,5.808
301.20,5.724
301.40,5.776
301.60,5.78
301.80,5.766
302.00,5.736
302.20,5.75
302.40,5.794
302.60,5.81
302.80,5.732
303.00,5.73
303.20,5.754
303.40,5.75
303.60,5.796
303.80,5.736
304.00,5.766
304.20,5.742
304.40,5.798
304.60,5.73
304.80,5.798
305.00,5.75
305.20,5.752
305.40,5.76
305.60,5.76
305.80,5.82
306.00,5.716
306.20,5.782
306.40,5.862
306.60,5.672
306.80,5.73
307.00,5.724
307.20,5.78
307.40,5.738
307.60,5.738
307.80,5.772
308.00,5.772
308.20,5.73
308.40,5.78
308.60,5.7
308.80,5.724
309.00,5.754
309.20,5.766
309.40,5.752
309.60,5.722
309.80,5.788
310.00,5.754
310.20,5.768
310.40,5.738
310.60,5.764
310.80,5.768
311.00,5.772
311.20,5.752
311.40,5.772
311.60,5.776
311.80,5.754
312.00,5.692
312.20,5.78
312.40,5.754
312.60,5.73
312.80,5.782
313.00,5.782
313.20,5.742
313.40,5.736
313.60,5.752
313.80,5.714
314.00,5.764
314.20,5.786
314.40,5.782
314.60,5.7
314.80,5.788
315.00,5.766
315.20,5.764
315.40,5.758
315.60,5.82
315.80,5.72
316.00,5.71
316.20,5.758
316.40,5.722
316.60,5.794
316.80,5.782
317.00,5.76
317.20,5.78
317.40,5.768
317.60,5.746
317.80,5.736
318.00,5.768
318.20,5.742
318.40,5.812
318.60,5.75
318.80,5.794
319.00,5.776
319.20,5.76
319.40,5.76
319.60,5.774
319.80,5.738
320.00,5.746
320.20,5.816
320.40,5.786
320.60,5.724
320.80,5.766
321.00,5.752
321.20,5.742
321.40,5.768
321.60,5.774
321.80,5.752
322.00,5.76
322.20,5.736
322.40,5.76
322.60,5.754
322.80,5.78
323.00,5.744
323.20,5.758
323.40,5.794
323.60,5.76
323.80,5.744
324.00,5.776
324.20,5.764
324.40,5.82
324.60,5.62
324.80,5.79
325.00,5.73
325.20,5.798
325.40,5.732
325.60,5.76
325.80,5.752
326.00,5.736
326.20,5.738
326.40,5.766
326.60,5.798
326.80,5.746
327.00,5.744
327.20,5.73
327.40,5.798
327.60,5.744
327.80,5.736
328.00,5.782
328.20,5.744
328.40,5.754
328.60,5.764
328.80,5.776
329.00,5.766
329.20,5.714
329.40,5.738
329.60,5.742
329.80,5.772
330.00,5.742
330.20,5.738
330.40,5.776
330.60,5.808
330.80,5.722
331.00,5.746
331.20,5.746
331.40,5.736
331.60,5.788
331.80,5.758
332.00,5.75
332.20,5.742
332.40,5.732
332.60,5.746
332.80,5.786
333.00,5.772
333.20,5.79
333.40,5.754
333.60,5.776
333.80,5.744
334.00,5.758
334.20,5.804
334.40,5.754
334.60,5.75
334.80,5.754
335.00,5.764
335.20,5.776
335.40,5.744
335.60,5.776
335.80,5.768
336.00,5.744
336.20,5.746
336.40,5.798
336.60,5.746
336.80,5.752
337.00,5.786
337.20,5.79
337.40,5.746
337.60,5.744
337.80,5.76
338.00,5.786
338.20,5.758
338.40,5.758
338.60,5.716
338.80,5.812
339.00,5.796
339.20,5.746
339.40,5.744
339.60,5.782
339.80,5.758
340.00,5.742
340.20,5.75
340.40,5.754
340.60,5.738
340.80,5.794
341.00,5.774
341.20,5.724
341.40,5.76
341.60,5.782
341.80,5.728
342.00,5.754
342.20,5.738
342.40,5.826
342.60,5.688
342.80,5.766
343.00,5.724
343.20,5.76
343.40,5.75
343.60,5.76
343.80,5.752
344.00,5.79
344.20,5.724
344.40,5.722
344.60,5.78
344.80,5.758
345.00,5.746
345.20,5.742
345.40,5.768
345.60,5.742
345.80,5.732
346.00,5.736
346.20,5.782
346.40,5.724
346.60,5.758
346.80,5.766
347.00,5.766
347.20,5.772
347.40,5.766
347.60,5.688
347.80,5.764
348.00,5.764
348.20,5.774
348.40,5.736
348.60,5.764
348.80,5.752
349.00,5.782
349.20,5.722
349.40,5.79
349.60,5.772
349.80,5.722
350.00,5.76
350.20,5.766
350.40,5.742
350.60,5.754
350.80,5.804
351.00,5.772
351.20,5.714
351.40,5.782
351.60,5.766
351.80,5.75
352.00,5.774
352.20,5.782
352.40,5.758
352.60,5.758
352.80,5.752
353.00,5.786
353.20,5.758
353.40,5.798
353.60,5.768
353.80,5.78
354.00,5.742
354.20,5.764
354.40,5.768
354.60,5.802
354.80,5.736
355.00,5.768
355.20,5.716
355.40,5.776
355.60,5.768
355.80,5.732
356.00,5.788
356.20,5.766
356.40,5.766
356.60,5.738
356.80,5.786
357.00,5.752
357.20,5.794
357.40,5.738
357.60,5.738
357.80,5.746
358.00,5.774
358.20,5.722
358.40,5.782
358.60,5.786
358.80,5.706
359.00,5.728
359.20,5.752
359.40,5.79
359.60,5.752
359.80,5.716
360.00,5.766
360.20,5.752
360.40,5.848
360.60,5.666
360.80,5.76
361.00,5.794
361.20,5.722
361.40,5.768
361.60,5.768
361.80,5.73
362.00,5.758
362.20,5.736
362.40,5.798
362.60,5.744
362.80,5.744
363.00,5.78
363.20,5.752
363.40,5.752
363.60,5.742
363.80,5.776
364.00,5.742
364.20,5.764
364.40,5.798
364.60,5.724
364.80,5.742
365.00,5.75
365.20,5.724
365.40,5.766
365.60,5.764
365.80,5.766
366.00,5.706
366.20,5.776
366.40,5.766
366.60,5.798
366.80,5.738
367.00,5.76
367.20,5.774
367.40,5.76
367.60,5.782
367.80,5.75
368.00,5.81
368.20,5.768
368.40,5.724
368.60,5.764
368.80,5.736
369.00,5.786
369.20,5.776
369.40,5.758
369.60,5.786
369.80,5.754
370.00,5.768
370.20,5.786
370.40,5.75
370.60,5.744
370.80,5.772
371.00,5.812
371.20,5.75
371.40,5.804
371.60,5.692
371.80,5.782
372.00,5.744
372.20,5.808
372.40,5.732
372.60,5.776
372.80,5.752
373.00,5.766
373.20,5.798
373.40,5.702
373.60,5.754
373.80,5.754
374.00,5.76
374.20,5.798
374.40,5.72
374.60,5.766
374.80,5.732
375.00,5.716
375.20,5.786
375.40,5.766
375.60,5.754
375.80,5.728
376.00,5.728
376.20,5.742
376.40,5.802
376.60,5.76
376.80,5.72
377.00,5.764
377.20,5.782
377.40,5.758
377.60,5.766
377.80,5.724
378.00,5.738
378.20,5.808
378.40,5.84
378.60,5.692
378.80,5.714
379.00,5.73
379.20,5.732
379.40,5.776
379.60,5.75
379.80,5.774
380.00,5.768
380.20,5.738
380.40,5.732
380.60,5.766
380.80,5.758
381.00,5.742
381.20,5.768
381.40,5.758
381.60,5.736
381.80,5.752
382.00,5.742
382.20,5.768
382.40,5.738
382.60,5.766
382.80,5.754
383.00,5.772
383.20,5.75
383.40,5.742
383.60,5.764
383.80,5.786
384.00,5.78
384.20,5.742
384.40,5.754
384.60,5.802
384.80,5.764
385.00,5.736
385.20,5.76
385.40,5.788
385.60,5.744
385.80,5.794
386.00,5.772
386.20,5.754
386.40,5.738
386.60,5.75
386.80,5.79
387.00,5.774
387.20,5.752
387.40,5.802
387.60,5.746
387.80,5.776
388.00,5.764
388.20,5.804
388.40,5.732
388.60,5.746
388.80,5.768
389.00,5.776
389.20,5.776
389.40,5.732
389.60,5.768
389.80,5.788
390.00,5.788
390.20,5.724
390.40,5.742
390.60,5.772
390.80,5.78
391.00,5.76
391.20,5.724
391.40,5.758
391.60,5.768
391.80,5.766
392.00,5.738
392.20,5.738
392.40,5.758
392.60,5.732
392.80,5.764
393.00,5.758
393.20,5.73
393.40,5.768
393.60,5.75
393.80,5.732
394.00,5.738
394.20,5.758
394.40,5.768
394.60,5.786
394.80,5.798
395.00,5.72
395.20,5.76
395.40,5.736
395.60,5.774
395.80,5.786
396.00,5.732
396.20,5.738
396.40,5.854
396.60,5.644
396.80,5.75
397.00,5.732
397.20,5.774
397.40,5.758
397.60,5.73
397.80,5.736
398.00,5.818
398.20,5.714
398.40,5.774
398.60,5.754
398.80,5.764
399.00,5.738
399.20,5.758
399.40,5.786
399.60,5.758
399.80,5.802
400.00,5.776
400.20,5.764
400.40,5.758
400.60,5.788
400.80,5.758
401.00,5.744
401.20,5.78
401.40,5.772
401.60,5.772
401.80,5.78
402.00,5.772
402.20,5.76
402.40,5.754
402.60,5.768
402.80,5.768
403.00,5.816
403.20,5.752
403.40,5.758
403.60,5.782
403.80,5.788
404.00,5.702
404.20,5.766
404.40,5.758
404.60,5.776
404.80,5.752
405.00,5.758
405.20,5.736
405.40,5.78
405.60,5.742
405.80,5.772
406.00,5.786
406.20,5.752
406.40,5.714
406.60,5.818
406.80,5.754
407.00,5.772
407.20,5.698
407.40,5.75
407.60,5.752
407.80,5.764
408.00,5.796
408.20,5.732
408.40,5.75
408.60,5.794
408.80,5.688
409.00,5.764
409.20,5.742
409.40,5.812
409.60,5.742
409.80,5.76
410.00,5.708
410.20,5.724
410.40,5.76
410.60,5.76
410.80,5.796
411.00,5.752
411.20,5.738
411.40,5.802
411.60,5.716
411.80,5.758
412.00,5.76
412.20,5.744
412.40,5.746
412.60,5.764
412.80,5.76
413.00,5.758
413.20,5.776
413.40,5.732
413.60,5.744
413.80,5.782
414.00,5.766
414.20,5.7
414.40,5.87
414.60,5.684
414.80,5.78
415.00,5.73
415.20,5.78
415.40,5.714
415.60,5.776
415.80,5.788
416.00,5.716
416.20,5.752
416.40,5.764
416.60,5.742
416.80,5.812
417.00,5.752
417.20,5.768
417.40,5.746
417.60,5.776
417.80,5.746
418.00,5.786
418.20,5.742
418.40,5.76
418.60,5.794
418.80,5.766
419.00,5.768
419.20,5.76
419.40,5.76
419.60,5.768
419.80,5.786
420.00,5.794
420.20,5.752
420.40,5.76
420.60,5.786
420.80,5.75
421.00,5.774
421.20,5.744
421.40,5.794
421.60,5.744
421.80,5.788
422.00,5.776
422.20,5.724
422.40,5.758
422.60,5.736
422.80,5.808
423.00,5.714
423.20,5.75
423.40,5.794
423.60,5.772
423.80,5.774
424.00,5.71
424.20,5.754
424.40,5.744
424.60,5.788
424.80,5.75
425.00,5.754
425.20,5.714
425.40,5.788
425.60,5.73
425.80,5.758
426.00,5.744
426.20,5.768
426.40,5.776
426.60,5.772
426.80,5.746
427.00,5.742
427.20,5.752
427.40,5.758
427.60,5.716
427.80,5.766
428.00,5.722
428.20,5.73
428.40,5.768
428.60,5.764
428.80,5.742
429.00,5.78
429.20,5.744
429.40,5.774
429.60,5.794
429.80,5.716
430.00,5.768
430.20,5.772
430.40,5.738
430.60,5.744
430.80,5.764
431.00,5.728
431.20,5.722
431.40,5.782
431.60,5.776
431.80,5.76
432.00,5.72
432.20,5.812
432.40,5.848
432.60,5.6
432.80,5.788
433.00,5.832
433.20,5.744
433.40,5.772
433.60,5.742
433.80,5.788
434.00,5.766
434.20,5.804
434.40,5.742
434.60,5.752
434.80,5.79
435.00,5.764
435.20,5.788
435.40,5.798
435.60,5.768
435.80,5.746
436.00,5.76
436.20,5.794
436.40,5.754
436.60,5.754
436.80,5.724
437.00,5.764
437.20,5.802
437.40,5.768
437.60,5.772
437.80,5.75
438.00,5.75
438.20,5.736
438.40,5.78
438.60,5.776
438.80,5.754
439.00,5.766
439.20,5.804
439.40,5.736
439.60,5.758
439.80,5.786
440.00,5.75
440.20,5.724
440.40,5.798
440.60,5.732
440.80,5.716
441.00,5.818
441.20,5.766
441.40,5.706
441.60,5.746
441.80,5.738
442.00,5.79
442.20,5.742
442.40,5.73
442.60,5.758
442.80,5.758
443.00,5.738
443.20,5.764
443.40,5.752
443.60,5.776
443.80,5.738
444.00,5.752
444.20,5.75
444.40,5.816
444.60,5.724
444.80,5.722
445.00,5.808
445.20,5.722
445.40,5.724
445.60,5.75
445.80,5.742
446.00,5.76
446.20,5.758
446.40,5.776
446.60,5.742
446.80,5.76
447.00,5.768
447.20,5.764
447.40,5.736
447.60,5.786
447.80,5.742
448.00,5.742
448.20,5.754
448.40,5.78
448.60,5.702
448.80,5.772
449.00,5.774
449.20,5.752
449.40,5.772
449.60,5.758
449.80,5.744
450.00,5.79
450.20,5.798
450.40,5.82
450.60,5.684
450.80,5.746
451.00,5.776
451.20,5.786
451.40,5.776
451.60,5.79
451.80,5.716
452.00,5.772
452.20,5.754
452.40,5.758
452.60,5.82
452.80,5.758
453.00,5.758
453.20,5.754
453.40,5.758
453.60,5.788
453.80,5.76
454.00,5.788
454.20,5.76
454.40,5.746
454.60,5.794
454.80,5.724
455.00,5.738
455.20,5.802
455.40,5.772
455.60,5.766
455.80,5.744
456.00,5.744
456.20,5.78
456.40,5.758
456.60,5.776
456.80,5.728
457.00,5.766
457.20,5.754
457.40,5.732
457.60,5.782
457.80,5.728
458.00,5.786
458.20,5.744
458.40,5.706
458.60,5.766
458.80,5.728
459.00,5.724
459.20,5.754
459.40,5.774
459.60,5.764
459.80,5.78
460.00,5.698
460.20,5.766
460.40,5.72
460.60,5.764
460.80,5.76
461.00,5.776
461.20,5.73
461.40,5.736
461.60,5.772
461.80,5.724
462.00,5.768
462.20,5.766
462.40,5.79
462.60,5.72
462.80,5.766
463.00,5.78
463.20,5.752
463.40,5.7
463.60,5.782
463.80,5.736
464.00,5.772
464.20,5.744
464.40,5.776
464.60,5.76
464.80,5.79
465.00,5.738
465.20,5.722
465.40,5.758
465.60,5.728
465.80,5.738
466.00,5.738
466.20,5.772
466.40,5.794
466.60,5.758
466.80,5.802
467.00,5.76
467.20,5.738
467.40,5.832
467.60,5.764
467.80,5.724
468.00,5.764
468.20,5.764
468.40,5.86
468.60,5.692
468.80,5.754
469.00,5.758
469.20,5.774
469.40,5.772
469.60,5.766
469.80,5.774
470.00,5.728
470.20,5.776
470.40,5.75
470.60,5.782
470.80,5.78
471.00,5.75
471.20,5.812
471.40,5.742
471.60,5.766
471.80,5.802
472.00,5.752
472.20,5.754
472.40,5.752
472.60,5.708
472.80,5.798
473.00,5.752
473.20,5.776
473.40,5.728
473.60,5.746
473.80,5.798
474.00,5.732
474.20,5.75
474.40,5.736
474.60,5.78
474.80,5.798
475.00,5.7
475.20,5.752
475.40,5.754
475.60,5.754
475.80,5.72
476.00,5.764
476.20,5.754
476.40,5.722
476.60,5.742
476.80,5.76
477.00,5.774
477.20,5.798
477.40,5.754
477.60,5.758
477.80,5.71
478.00,5.774
478.20,5.754
478.40,5.686
478.60,5.764
478.80,5.744
479.00,5.766
479.20,5.736
479.40,5.754
479.60,5.776
479.80,5.768
480.00,5.732
480.20,5.782
480.40,5.744
480.60,5.774
480.80,5.758
481.00,5.754
481.20,5.744
481.40,5.75
481.60,5.752
481.80,5.776
482.00,5.728
482.20,5.768
482.40,5.742
482.60,5.794
482.80,5.744
483.00,5.73
483.20,5.76
483.40,5.782
483.60,5.796
483.80,5.766
484.00,5.732
484.20,5.782
484.40,5.766
484.60,5.714
484.80,5.798
485.00,5.758
485.20,5.768
485.40,5.766
485.60,5.804
485.80,5.788
486.00,5.78
486.20,5.766
486.40,5.818
486.60,5.68
486.80,5.764
487.00,5.752
487.20,5.728
487.40,5.774
487.60,5.772
487.80,5.802
488.00,5.694
488.20,5.772
488.40,5.788
488.60,5.798
488.80,5.736
489.00,5.798
489.20,5.754
489.40,5.75
489.60,5.738
489.80,5.78
490.00,5.728
490.20,5.802
490.40,5.774
490.60,5.746
490.80,5.73
491.00,5.764
491.20,5.76
491.40,5.76
491.60,5.752
491.80,5.744
492.00,5.758
492.20,5.766
492.40,5.746
492.60,5.722
492.80,5.826
493.00,5.746
493.20,5.746
493.40,5.744
493.60,5.732
493.80,5.724
494.00,5.81
494.20,5.706
494.40,5.768
494.60,5.78
494.80,5.764
495.00,5.736
495.20,5.76
495.40,5.75
495.60,5.698
495.80,5.774
496.00,5.752
496.20,5.7
496.40,5.798
496.60,5.758
496.80,5.72
497.00,5.78
497.20,5.736
497.40,5.746
497.60,5.754
497.80,5.766
498.00,5.776
498.20,5.648
498.40,5.75
498.60,5.776
498.80,5.764
499.00,5.754
499.20,5.752
499.40,5.75
499.60,5.786
499.80,5.768
500.00,5.802
500.20,5.752
500.40,5.732
500.60,5.764
500.80,5.782
501.00,5.758
501.20,5.794
501.40,5.76
501.60,5.738
501.80,5.744
502.00,5.772
502.20,5.766
502.40,5.73
502.60,5.76
502.80,5.758
503.00,5.834
503.20,5.766
503.40,5.766
503.60,5.73
503.80,5.782
504.00,5.772
504.20,5.798
504.40,5.838
504.60,5.658
504.80,5.738
505.00,5.754
505.20,5.768
505.40,5.776
505.60,5.738
505.80,5.82
506.00,5.738
506.20,5.71
506.40,5.76
506.60,5.808
506.80,5.752
507.00,5.744
507.20,5.786
507.40,5.72
507.60,5.764
507.80,5.75
508.00,5.746
508.20,5.766
508.40,5.796
508.60,5.702
508.80,5.698
509.00,5.768
509.20,5.732
509.40,5.742
509.60,5.782
509.80,5.714
510.00,5.754
510.20,5.782
510.40,5.7
510.60,5.744
510.80,5.802
511.00,5.752
511.20,5.746
511.40,5.788
511.60,5.71
511.80,5.75
512.00,5.736
512.20,5.764
512.40,5.75
512.60,5.76
512.80,5.746
513.00,5.75
513.20,5.754
513.40,5.772
513.60,5.702
513.80,5.754
514.00,5.716
514.20,5.744
514.40,5.724
514.60,5.796
514.80,5.768
515.00,5.758
515.20,5.764
515.40,5.75
515.60,5.774
515.80,5.72
516.00,5.78
516.20,5.78
516.40,5.732
516.60,5.796
516.80,5.772
517.00,5.746
517.20,5.732
517.40,5.776
517.60,5.738
517.80,5.786
518.00,5.738
518.20,5.798
518.40,5.764
518.60,5.76
518.80,5.798
519.00,5.76
519.20,5.804
519.40,5.758
519.60,5.758
519.80,5.772
520.00,5.794
520.20,5.72
520.40,5.766
520.60,5.724
520.80,5.776
521.00,5.76
521.20,5.794
521.40,5.75
521.60,5.774
521.80,5.79
522.00,5.744
522.20,5.742
522.40,5.852
522.60,5.702
522.80,5.742
523.00,5.79
523.20,5.764
523.40,5.754
523.60,5.804
523.80,5.724
524.00,5.742
524.20,5.758
524.40,5.752
524.60,5.764
524.80,5.776
525.00,5.72
525.20,5.758
525.40,5.754
525.60,5.816
525.80,5.728
526.00,5.758
526.20,5.768
526.40,5.73
526.60,5.776
526.80,5.722
527.00,5.768
527.20,5.746
527.40,5.752
527.60,5.728
527.80,5.744
528.00,5.774
528.20,5.73
528.40,5.758
528.60,5.764
528.80,5.752
529.00,5.744
529.20,5.772
529.40,5.746
529.60,5.7
529.80,5.736
530.00,5.766
530.20,5.774
530.40,5.76
530.60,5.776
530.80,5.754
531.00,5.766
531.20,5.706
531.40,5.744
531.60,5.808
531.80,5.732
532.00,5.798
532.20,5.71
532.40,5.766
532.60,5.744
532.80,5.732
533.00,5.76
533.20,5.782
533.40,5.744
533.60,5.758
533.80,5.796
534.00,5.742
534.20,5.776
534.40,5.76
534.60,5.706
534.80,5.798
535.00,5.776
535.20,5.768
535.40,5.754
535.60,5.764
535.80,5.794
536.00,5.75
536.20,5.798
536.40,5.788
536.60,5.732
536.80,5.766
537.00,5.786
537.20,5.776
537.40,5.772
537.60,5.728
537.80,5.766
538.00,5.752
538.20,5.772
538.40,5.802
538.60,5.68
538.80,5.786
539.00,5.79
539.20,5.724
539.40,5.772
539.60,5.78
539.80,5.742
540.00,5.794
540.20,5.782
540.40,5.824
540.60,5.684
540.80,5.73
541.00,5.776
541.20,5.76
541.40,5.766
541.60,5.708
541.80,5.738
542.00,5.732
542.20,5.766
542.40,5.774
542.60,5.766
542.80,5.758
543.00,5.736
543.20,5.75
543.40,5.78
543.60,5.752
543.80,5.716
544.00,5.752
544.20,5.75
544.40,5.754
544.60,5.766
544.80,5.766
545.00,5.728
545.20,5.752
545.40,5.722
545.60,5.764
545.80,5.804
546.00,5.764
546.20,5.798
546.40,5.758
546.60,5.76
546.80,5.724
547.00,5.746
547.20,5.742
547.40,5.71
547.60,5.738
547.80,5.78
548.00,5.768
548.20,5.81
548.40,5.724
548.60,5.736
548.80,5.772
549.00,5.746
549.20,5.752
549.40,5.76
549.60,5.76
549.80,5.824
550.00,5.788
550.20,5.786
550.40,5.758
550.60,5.744
550.80,5.786
551.00,5.744
551.20,5.764
551.40,5.76
551.60,5.794
551.80,5.764
552.00,5.76
552.20,5.752
552.40,5.798
552.60,5.782
552.80,5.758
553.00,5.788
553.20,5.732
553.40,5.764
553.60,5.72
553.80,5.772
554.00,5.766
554.20,5.744
554.40,5.81
554.60,5.744
554.80,5.82
555.00,5.804
555.20,5.75
555.40,5.73
555.60,5.764
555.80,5.774
556.00,5.776
556.20,5.732
556.40,5.752
556.60,5.774
556.80,5.772
557.00,5.76
557.20,5.732
557.40,5.794
557.60,5.772
557.80,5.746
558.00,5.752
558.20,5.772
558.40,5.808
558.60,5.68
558.80,5.802
559.00,5.774
559.20,5.738
559.40,5.746
559.60,5.722
559.80,5.72
560.00,5.744
560.20,5.728
560.40,5.732
560.60,5.834
560.80,5.746
561.00,5.766
561.20,5.72
561.40,5.724
561.60,5.79
561.80,5.72
562.00,5.78
562.20,5.75
562.40,5.766
562.60,5.744
562.80,5.776
563.00,5.716
563.20,5.72
563.40,5.808
563.60,5.738
563.80,5.78
564.00,5.714
564.20,5.736
564.40,5.758
564.60,5.76
564.80,5.776
565.00,5.766
565.20,5.76
565.40,5.776
565.60,5.71
565.80,5.794
566.00,5.754
566.20,5.772
566.40,5.76
566.60,5.744
566.80,5.786
567.00,5.78
567.20,5.76
567.40,5.764
567.60,5.76
567.80,5.804
568.00,5.716
568.20,5.772
568.40,5.802
568.60,5.776
568.80,5.766
569.00,5.754
569.20,5.768
569.40,5.788
569.60,5.754
569.80,5.798
570.00,5.786
570.20,5.728
570.40,5.768
570.60,5.782
570.80,5.786
571.00,5.736
571.20,5.772
571.40,5.772
571.60,5.788
571.80,5.7
572.00,5.758
572.20,5.786
572.40,5.766
572.60,5.802
572.80,5.772
573.00,5.754
573.20,5.746
573.40,5.714
573.60,5.73
573.80,5.798
574.00,5.746
574.20,5.728
574.40,5.72
574.60,5.736
574.80,5.798
575.00,5.724
575.20,5.764
575.40,5.732
575.60,5.774
575.80,5.764
576.00,5.736
576.20,5.772
576.40,5.832
576.60,5.672
576.80,5.758
577.00,5.764
577.20,5.764
577.40,5.776
577.60,5.754
577.80,5.764
578.00,5.776
578.20,5.742
578.40,5.732
578.60,5.746
578.80,5.794
579.00,5.752
579.20,5.746
579.40,5.744
579.60,5.786
579.80,5.716
580.00,5.766
580.20,5.768
580.40,5.738
580.60,5.698
580.80,5.764
581.00,5.754
581.20,5.764
581.40,5.732
581.60,5.742
581.80,5.79
582.00,5.79
582.20,5.728
582.40,5.788
582.60,5.738
582.80,5.73
583.00,5.788
583.20,5.794
583.40,5.744
583.60,5.764
583.80,5.752
584.00,5.776
584.20,5.774
584.40,5.776
584.60,5.796
584.80,5.786
585.00,5.732
585.20,5.76
585.40,5.754
585.60,5.768
585.80,5.782
586.00,5.758
586.20,5.78
586.40,5.744
586.60,5.75
586.80,5.776
587.00,5.764
587.20,5.75
587.40,5.81
587.60,5.76
587.80,5.76
588.00,5.732
588.20,5.758
588.40,5.838
588.60,5.746
588.80,5.752
589.00,5.752
589.20,5.81
589.40,5.772
589.60,5.738
589.80,5.716
590.00,5.796
590.20,5.754
590.40,5.76
590.60,5.754
590.80,5.758
591.00,5.764
591.40,5.762
591.60,5.84
591.80,5.696
592.00,5.762
592.20,5.72
592.40,5.746
592.60,5.784
592.80,5.71
593.00,5.726
593.20,5.786
593.40,5.734
593.60,5.796
593.80,5.76
594.00,5.762
594.20,5.748
594.40,5.72
594.60,5.76
594.80,5.768
595.00,5.752
595.20,5.756
595.40,5.726
595.60,5.804
595.80,5.76
596.00,5.726
596.20,5.798
596.40,5.724
596.60,5.764
596.80,5.782
597.00,5.752
597.20,5.73
597.40,5.738
597.60,5.782
597.80,5.746
598.00,5.76
598.20,5.726
598.40,5.748
598.60,5.74
598.80,5.72
599.00,5.732
599.20,5.784
599.40,5.8
599.60,5.74
599.80,5.754
600.00,5.792
600.20,5.818
600.40,5.76
600.60,5.77
600.80,5.768
601.00,5.752
601.20,5.784
601.40,5.778
601.60,5.776
601.80,5.756
602.00,5.792
602.20,5.738
602.40,5.776
602.60,5.74
602.80,5.77
603.00,5.8
603.20,5.748
603.40,5.764
603.60,5.778
603.80,5.756
604.00,5.764
604.20,5.778
604.40,5.792
604.60,5.754
604.80,5.77
605.00,5.754
605.20,5.716
605.40,5.792
605.60,5.748
605.80,5.754
606.00,5.718
606.20,5.804
606.40,5.724
606.60,5.782
606.80,5.792
607.00,5.782
607.20,5.748
607.40,5.76
607.60,5.748
607.80,5.738
608.00,5.742
608.20,5.746
608.40,5.778
608.60,5.756
608.80,5.762
609.00,5.754
609.20,5.764
609.40,5.748
609.60,5.834
609.80,5.622
610.00,5.756
610.20,5.786
610.40,5.752
610.60,5.756
610.80,5.756
611.00,5.734
611.20,5.776
611.40,5.754
611.60,5.76
611.80,5.746
612.00,5.748
612.20,5.798
612.40,5.724
612.60,5.786
612.80,5.73
613.00,5.782
613.20,5.704
613.40,5.734
613.60,5.764
613.80,5.768
614.00,5.756
614.20,5.732
614.40,5.748
614.60,5.724
614.80,5.79
615.00,5.754
615.20,5.768
615.40,5.742
615.60,5.774
615.80,5.804
616.00,5.786
616.20,5.756
616.40,5.712
616.60,5.814
616.80,5.798
617.00,5.726
617.20,5.756
617.40,5.754
617.60,5.732
617.80,5.792
618.00,5.752
618.20,5.79
618.40,5.798
618.60,5.756
618.80,5.74
619.00,5.798
619.20,5.76
619.40,5.742
619.60,5.784
619.80,5.746
620.00,5.74
620.20,5.748
620.40,5.768
620.60,5.724
620.80,5.804
621.00,5.796
621.20,5.774
621.40,5.756
621.60,5.762
621.80,5.79
622.00,5.768
622.20,5.742
622.40,5.742
622.60,5.79
622.80,5.72
623.00,5.798
623.20,5.764
623.40,5.72
623.60,5.764
623.80,5.796
624.00,5.762
624.20,5.74
624.40,5.746
624.60,5.726
624.80,5.74
625.00,5.764
625.20,5.704
625.40,5.786
625.60,5.74
625.80,5.742
626.00,5.768
626.20,5.74
626.40,5.76
626.60,5.754
626.80,5.764
627.00,5.71
627.20,5.734
627.40,5.724
627.60,5.866
627.80,5.68
628.00,5.748
628.20,5.782
628.40,5.726
628.60,5.74
628.80,5.79
629.00,5.732
629.20,5.79
629.40,5.748
629.60,5.71
629.80,5.768
630.00,5.812
630.20,5.724
630.40,5.742
630.60,5.77
630.80,5.752
631.00,5.764
631.20,5.72
631.40,5.702
631.60,5.768
631.80,5.77
632.00,5.82
632.20,5.746
632.40,5.804
632.60,5.742
632.80,5.738
633.00,5.752
633.20,5.764
633.40,5.778
633.60,5.748
633.80,5.812
634.00,5.748
634.20,5.748
634.40,5.764
634.60,5.748
634.80,5.784
635.00,5.756
635.20,5.778
635.40,5.776
635.60,5.796
635.80,5.76
636.00,5.732
636.20,5.82
636.40,5.74
636.60,5.76
636.80,5.762
637.00,5.804
637.20,5.776
637.40,5.756
637.60,5.742
637.80,5.778
638.00,5.756
638.20,5.77
638.40,5.764
638.60,5.776
638.80,5.738
639.00,5.776
639.20,5.762
639.40,5.748
639.60,5.74
639.80,5.798
640.00,5.726
640.20,5.752
640.40,5.756
640.60,5.748
640.80,5.754
641.00,5.726
641.20,5.748
641.40,5.756
641.60,5.804
641.80,5.762
642.00,5.778
642.20,5.734
642.40,5.702
642.60,5.776
642.80,5.742
643.00,5.77
643.20,5.76
643.40,5.774
643.60,5.698
643.80,5.71
644.00,5.8
644.20,5.752
644.40,5.8
644.60,5.696
644.80,5.754
645.00,5.77
645.20,5.74
645.40,5.776
645.60,5.796
645.80,5.646
646.00,5.74
646.20,5.784
646.40,5.724
646.60,5.79
646.80,5.742
647.00,5.746
647.20,5.746
647.40,5.742
647.60,5.76
647.80,5.782
648.00,5.748
648.20,5.754
648.40,5.786
648.60,5.74
648.80,5.776
649.00,5.778
649.20,5.73
649.40,5.752
649.60,5.8
649.80,5.774
650.00,5.754
650.20,5.778
650.40,5.756
650.60,5.76
650.80,5.742
651.00,5.812
651.20,5.776
651.40,5.764
651.60,5.776
651.80,5.776
652.00,5.738
652.20,5.828
652.40,5.754
652.60,5.754
652.80,5.776
653.00,5.768
653.20,5.74
653.40,5.742
653.60,5.782
653.80,5.796
654.00,5.762
654.20,5.754
654.40,5.76
654.60,5.754
654.80,5.746
655.00,5.792
655.20,5.774
655.40,5.746
655.60,5.742
655.80,5.754
656.00,5.754
656.20,5.762
656.40,5.746
656.60,5.724
656.80,5.764
657.00,5.764
657.20,5.76
657.40,5.79
657.60,5.716
657.80,5.748
658.00,5.756
658.20,5.726
658.40,5.762
658.60,5.748
658.80,5.756
659.00,5.738
659.20,5.752
659.40,5.742
659.60,5.716
659.80,5.764
660.00,5.734
660.20,5.784
660.40,5.806
660.60,5.752
660.80,5.732
661.00,5.712
661.20,5.792
661.40,5.752
661.60,5.742
661.80,5.732
662.00,5.762
662.20,5.732
662.40,5.792
662.60,5.746
662.80,5.726
663.00,5.76
663.20,5.734
663.40,5.742
663.60,5.8
663.80,5.668
664.00,5.764
664.20,5.784
664.40,5.742
664.60,5.748
664.80,5.742
665.00,5.738
665.20,5.796
665.40,5.764
665.60,5.754
665.80,5.768
666.00,5.764
666.20,5.778
666.40,5.746
666.60,5.76
666.80,5.792
667.00,5.734
667.20,5.782
667.40,5.74
667.60,5.8
667.80,5.76
668.00,5.814
668.20,5.77
668.40,5.784
668.60,5.762
668.80,5.726
669.00,5.724
669.20,5.798
669.40,5.754
669.60,5.76
669.80,5.79
670.00,5.79
670.20,5.796
670.40,5.746
670.60,5.768
670.80,5.71
671.00,5.748
671.20,5.756
671.40,5.822
671.60,5.77
671.80,5.76
672.00,5.77
672.20,5.73
672.40,5.76
672.60,5.784
672.80,5.782
673.00,5.778
673.20,5.732
673.40,5.74
673.60,5.756
673.80,5.796
674.00,5.748
674.20,5.748
674.40,5.776
674.60,5.776
674.80,5.762
675.00,5.724
675.20,5.792
675.40,5.71
675.60,5.774
675.80,5.734
676.00,5.768
676.20,5.72
676.40,5.742
676.60,5.726
676.80,5.76
677.00,5.764
677.20,5.742
677.40,5.784
677.60,5.71
677.80,5.756
678.00,5.8
678.20,5.738
678.40,5.748
678.60,5.738
678.80,5.782
679.00,5.712
679.20,5.778
679.40,5.77
679.60,5.756
679.80,5.748
680.00,5.724
680.20,5.734
680.40,5.716
680.60,5.776
680.80,5.778
681.00,5.732
681.20,5.76
681.40,5.718
681.60,5.864
681.80,5.702
682.00,5.756
682.20,5.754
682.40,5.764
682.60,5.742
682.80,5.746
683.00,5.732
683.20,5.796
683.40,5.764
683.60,5.786
683.80,5.77
684.00,5.738
684.20,5.748
684.40,5.754
684.60,5.756
684.80,5.784
685.00,5.77
685.20,5.76
685.40,5.764
685.60,5.752
685.80,5.778
686.00,5.786
686.20,5.732
686.40,5.752
686.60,5.812
686.80,5.74
687.00,5.77
687.20,5.756
687.40,5.76
687.60,5.776
687.80,5.77
688.00,5.752
688.20,5.742
688.40,5.784
688.60,5.764
688.80,5.792
689.00,5.79
689.20,5.74
689.40,5.776
689.60,5.76
689.80,5.752
690.00,5.8
690.20,5.762
690.40,5.79
690.60,5.726
690.80,5.752
691.00,5.732
691.20,5.732
691.40,5.76
691.60,5.754
691.80,5.734
692.00,5.776
692.20,5.762
692.40,5.792
692.60,5.738
692.80,5.782
693.00,5.734
693.20,5.72
693.40,5.73
693.60,5.748
693.80,5.752
694.00,5.754
694.20,5.756
694.40,5.784
694.60,5.734
694.80,5.77
695.00,5.746
695.20,5.718
695.40,5.782
695.60,5.72
695.80,5.732
696.00,5.742
696.20,5.784
696.40,5.734
696.60,5.764
696.80,5.754
697.00,5.762
697.20,5.748
697.40,5.756
697.60,5.76
697.80,5.774
698.00,5.754
698.20,5.762
698.40,5.774
698.60,5.712
698.80,5.782
699.00,5.72
699.20,5.754
699.40,5.8
699.60,5.822
699.80,5.658
700.00,5.77
700.20,5.786
700.40,5.708
700.60,5.812
700.80,5.782
701.00,5.786
701.20,5.814
701.40,5.8
701.60,5.738
701.80,5.724
702.00,5.808
702.20,5.748
702.40,5.716
702.60,5.818
702.80,5.776
703.00,5.774
703.20,5.776
703.40,5.768
703.60,5.79
703.80,5.74
704.00,5.748
704.20,5.69
704.40,5.798
704.60,5.798
704.80,5.768
705.00,5.762
705.20,5.77
705.40,5.732
705.60,5.74
705.80,5.768
706.00,5.806
706.20,5.792
706.40,5.708
706.60,5.762
706.80,5.786
707.00,5.796
707.20,5.712
707.40,5.752
707.60,5.778
707.80,5.746
708.00,5.754
708.20,5.69
708.40,5.778
708.60,5.754
708.80,5.738
709.00,5.754
709.20,5.786
709.40,5.73
709.60,5.746
709.80,5.712
710.00,5.746
710.20,5.756
710.40,5.724
710.60,5.754
710.80,5.778
711.00,5.732
711.20,5.74
711.40,5.748
711.60,5.754
711.80,5.764
712.00,5.768
712.20,5.782
712.40,5.73
712.60,5.748
712.80,5.746
713.00,5.762
713.20,5.72
713.40,5.764
713.60,5.738
713.80,5.77
714.00,5.752
714.20,5.72
714.40,5.768
714.60,5.756
714.80,5.774
715.00,5.734
715.20,5.754
715.40,5.74
715.60,5.748
715.80,5.8
716.00,5.748
716.20,5.752
716.40,5.752
716.60,5.786
716.80,5.782
717.00,5.726
717.20,5.752
717.40,5.764
717.60,5.844
717.80,5.698
718.00,5.776
718.20,5.77
718.40,5.784
718.60,5.718
718.80,5.814
719.00,5.698
719.20,5.79
719.40,5.762
719.60,5.756
719.80,5.742
720.00,5.768
720.20,5.804
720.40,5.748
720.60,5.786
720.80,5.764
721.00,5.71
721.20,5.786
721.40,5.77
721.60,5.752
721.80,5.756
722.00,5.782
722.20,5.726
722.40,5.778
722.60,5.804
722.80,5.73
723.00,5.762
723.20,5.752
723.40,5.79
723.60,5.73
723.80,5.748
724.00,5.774
724.20,5.774
724.40,5.702
724.60,5.762
724.80,5.79
725.00,5.732
725.20,5.748
725.40,5.784
725.60,5.748
725.80,5.704
726.00,5.742
726.20,5.768
726.40,5.762
726.60,5.752
726.80,5.74
727.00,5.718
727.20,5.764
727.40,5.704
727.60,5.796
727.80,5.742
728.00,5.776
728.20,5.712
728.40,5.754
728.60,5.764
728.80,5.752
729.00,5.726
729.20,5.726
729.40,5.738
729.60,5.764
729.80,5.8
730.00,5.748
730.20,5.726
730.40,5.764
730.60,5.746
730.80,5.762
731.00,5.752
731.20,5.752
731.40,5.726
731.60,5.77
731.80,5.748
732.00,5.782
732.20,5.754
732.40,5.716
732.60,5.748
732.80,5.798
733.00,5.742
733.20,5.774
733.40,5.742
733.60,5.74
733.80,5.768
734.00,5.77
734.20,5.752
734.40,5.814
734.60,5.746
734.80,5.768
735.00,5.764
735.20,5.698
735.40,5.806
735.60,5.848
735.80,5.672
736.00,5.776
736.20,5.73
736.40,5.778
736.60,5.798
736.80,5.806
737.00,5.724
737.20,5.724
737.40,5.778
737.60,5.79
737.80,5.778
738.00,5.752
738.20,5.79
738.40,5.73
738.60,5.734
738.80,5.776
739.00,5.778
739.20,5.764
739.40,5.726
739.60,5.754
739.80,5.79
740.00,5.76
740.20,5.762
740.40,5.752
740.60,5.742
740.80,5.776
741.00,5.734
741.20,5.734
741.40,5.79
741.60,5.708
741.80,5.74
742.00,5.748
742.20,5.762
742.40,5.762
742.60,5.712
742.80,5.726
743.00,5.786
743.20,5.732
743.40,5.72
743.60,5.768
743.80,5.808
744.00,5.768
744.20,5.776
744.40,5.732
744.60,5.73
744.80,5.716
745.00,5.738
745.20,5.764
745.40,5.756
745.60,5.726
745.80,5.734
746.00,5.724
746.20,5.734
746.40,5.806
746.60,5.752
746.80,5.734
747.00,5.77
747.20,5.756
747.40,5.738
747.60,5.774
747.80,5.732
748.00,5.752
748.20,5.754
748.40,5.754
748.60,5.8
748.80,5.74
749.00,5.762
749.20,5.768
749.40,5.782
749.60,5.734
749.80,5.748
750.00,5.754
750.20,5.776
750.40,5.754
750.60,5.776
750.80,5.776
751.00,5.756
751.20,5.732
751.40,5.79
751.60,5.762
751.80,5.77
752.00,5.712
752.20,5.792
752.40,5.73
752.60,5.804
752.80,5.778
753.00,5.754
753.20,5.796
753.40,5.748
753.60,5.874
753.80,5.716
754.00,5.77
754.20,5.752
754.40,5.724
754.60,5.79
754.80,5.776
755.00,5.742
755.20,5.776
755.40,5.776
755.60,5.73
755.80,5.76
756.00,5.748
756.20,5.746
756.40,5.784
756.60,5.774
756.80,5.738
757.00,5.764
757.20,5.732
757.40,5.776
757.60,5.746
757.80,5.778
758.00,5.776
758.20,5.746
758.40,5.782
758.60,5.688
758.80,5.726
759.00,5.776
759.20,5.734
759.40,5.726
759.60,5.738
759.80,5.756
760.00,5.786
760.20,5.754
760.40,5.748
760.60,5.776
760.80,5.768
761.00,5.726
761.20,5.71
761.40,5.754
761.60,5.782
761.80,5.74
762.00,5.72
762.20,5.76
762.40,5.768
762.60,5.752
762.80,5.726
763.00,5.768
763.20,5.734
763.40,5.768
763.60,5.786
763.80,5.814
764.00,5.71
764.20,5.716
764.40,5.782
764.60,5.764
764.80,5.724
765.00,5.73
765.20,5.762
765.40,5.76
765.60,5.764
765.80,5.752
766.00,5.804
766.20,5.694
766.40,5.818
766.60,5.792
766.80,5.732
767.00,5.764
767.20,5.768
767.40,5.792
767.60,5.734
767.80,5.792
768.00,5.762
768.20,5.786
768.40,5.796
768.60,5.776
768.80,5.76
769.00,5.73
769.20,5.76
769.40,5.764
769.60,5.74
769.80,5.776
770.00,5.756
770.20,5.734
770.40,5.784
770.60,5.782
770.80,5.768
771.00,5.786
771.20,5.754
771.40,5.764
771.60,5.822
771.80,5.702
772.00,5.756
772.20,5.786
772.40,5.764
772.60,5.756
772.80,5.716
773.00,5.804
773.20,5.778
773.40,5.74
773.60,5.752
773.80,5.756
774.00,5.734
774.20,5.724
774.40,5.808
774.60,5.746
774.80,5.742
775.00,5.73
775.20,5.754
775.40,5.732
775.60,5.73
775.80,5.742
776.00,5.8
776.20,5.69
776.40,5.764
776.60,5.732
776.80,5.77
777.00,5.746
777.20,5.718
777.40,5.764
777.60,5.762
777.80,5.738
778.00,5.8
778.20,5.704
778.40,5.746
778.60,5.74
778.80,5.8
779.00,5.726
779.20,5.754
779.40,5.726
779.60,5.718
779.80,5.746
780.00,5.762
780.20,5.77
780.40,5.72
780.60,5.73
780.80,5.754
781.00,5.77
781.20,5.752
781.40,5.74
781.60,5.742
781.80,5.742
782.00,5.792
782.20,5.782
782.40,5.77
782.60,5.748
782.80,5.742
783.00,5.776
783.20,5.742
783.40,5.76
783.60,5.806
783.80,5.73
784.00,5.754
784.20,5.746
784.40,5.792
784.60,5.76
784.80,5.762
785.00,5.784
785.20,5.776
785.40,5.756
785.60,5.71
785.80,5.796
786.00,5.782
786.20,5.782
786.40,5.782
786.60,5.792
786.80,5.774
787.00,5.748
787.20,5.742
787.40,5.778
787.60,5.74
787.80,5.764
788.00,5.79
788.20,5.704
788.40,5.798
788.60,5.76
788.80,5.71
789.00,5.786
789.20,5.796
789.40,5.808
789.60,5.84
789.80,5.636
790.00,5.76
790.20,5.74
790.40,5.792
790.60,5.762
790.80,5.732
791.00,5.72
791.20,5.76
791.40,5.732
791.60,5.74
791.80,5.752
792.00,5.756
792.20,5.752
792.40,5.764
792.60,5.764
792.80,5.704
793.00,5.732
793.20,5.754
793.40,5.77
793.60,5.726
793.80,5.774
794.00,5.754
794.20,5.708
794.40,5.746
794.60,5.77
794.80,5.778
795.00,5.756
795.20,5.762
795.40,5.734
795.60,5.74
795.80,5.76
796.00,5.778
796.20,5.79
796.40,5.696
796.60,5.73
796.80,5.784
797.00,5.724
797.20,5.734
797.40,5.756
797.60,5.752
797.80,5.76
798.00,5.742
798.20,5.776
798.40,5.774
798.60,5.73
798.80,5.73
799.00,5.782
799.20,5.782
799.40,5.752
799.60,5.756
799.80,5.798
800.00,5.784
800.20,5.702
800.40,5.756
800.60,5.748
800.80,5.768
801.00,5.776
801.20,5.76
801.40,5.814
801.60,5.796
801.80,5.73
802.00,5.764
802.20,5.738
802.40,5.77
802.60,5.804
802.80,5.798
803.00,5.774
803.20,5.778
803.40,5.752
803.60,5.76
803.80,5.786
804.00,5.77
804.20,5.768
804.40,5.73
804.60,5.732
804.80,5.776
805.00,5.76
805.20,5.754
805.40,5.792
805.60,5.764
805.80,5.752
806.00,5.798
806.20,5.756
806.40,5.748
806.60,5.71
806.80,5.77
807.00,5.77
807.20,5.742
807.40,5.782
807.60,5.858
807.80,5.674
808.00,5.726
808.20,5.73
808.40,5.748
808.60,5.792
808.80,5.738
809.00,5.718
809.20,5.748
809.40,5.742
809.60,5.754
809.80,5.74
810.00,5.76
810.20,5.748
810.40,5.756
810.60,5.74
810.80,5.73
811.00,5.734
811.20,5.764
811.40,5.724
811.60,5.754
811.80,5.74
812.00,5.784
812.20,5.76
812.40,5.734
812.60,5.768
812.80,5.754
813.00,5.754
813.20,5.724
813.40,5.786
813.60,5.756
813.80,5.696
814.00,5.748
814.20,5.768
814.40,5.748
814.60,5.734
814.80,5.752
815.00,5.786
815.20,5.718
815.40,5.778
815.60,5.778
815.80,5.77
816.00,5.73
816.20,5.762
816.40,5.768
816.60,5.754
816.80,5.792
817.00,5.718
817.20,5.774
817.40,5.762
817.60,5.768
817.80,5.778
818.00,5.712
818.20,5.77
818.40,5.77
818.60,5.764
818.80,5.796
819.00,5.752
819.20,5.77
819.40,5.79
819.60,5.738
819.80,5.796
820.00,5.746
820.20,5.746
820.40,5.77
820.60,5.812
820.80,5.726
821.00,5.79
821.20,5.782
821.40,5.754
821.60,5.768
821.80,5.754
822.00,5.776
822.20,5.762
822.40,5.762
822.60,5.782
822.80,5.77
823.00,5.76
823.20,5.698
823.40,5.726
823.60,5.776
823.80,5.768
824.00,5.754
824.20,5.76
824.40,5.77
824.60,5.756
824.80,5.76
825.00,5.74
825.20,5.746
825.40,5.74
825.60,5.866
825.80,5.646
826.00,5.724
826.20,5.768
826.40,5.71
826.60,5.77
826.80,5.774
827.00,5.726
827.20,5.738
827.40,5.77
827.60,5.718
827.80,5.79
828.00,5.742
828.20,5.72
828.40,5.752
828.60,5.746
828.80,5.778
829.00,5.76
829.20,5.748
829.40,5.752
829.60,5.704
829.80,5.754
830.00,5.734
830.20,5.784
830.40,5.756
830.60,5.764
830.80,5.748
831.00,5.73
831.20,5.732
831.40,5.776
831.60,5.76
831.80,5.698
832.00,5.796
832.20,5.776
832.40,5.716
832.60,5.748
832.80,5.732
833.00,5.748
833.20,5.754
833.40,5.804
833.60,5.782
833.80,5.754
834.00,5.74
834.20,5.76
834.40,5.76
834.60,5.746
834.80,5.77
835.00,5.804
835.20,5.79
835.40,5.778
835.60,5.748
835.80,5.77
836.00,5.746
836.20,5.79
836.40,5.798
836.60,5.746
836.80,5.738
837.00,5.764
837.20,5.756
837.40,5.732
837.60,5.74
837.80,5.806
838.00,5.77
838.20,5.712
838.40,5.76
838.60,5.76
838.80,5.756
839.00,5.756
839.20,5.768
839.40,5.734
839.60,5.784
839.80,5.776
840.00,5.726
840.20,5.748
840.40,5.73
840.60,5.762
840.80,5.732
841.00,5.762
841.20,5.748
841.40,5.756
841.60,5.718
841.80,5.77
842.00,5.724
842.20,5.742
842.40,5.764
842.60,5.79
842.80,5.76
843.00,5.742
843.20,5.738
843.40,5.752
843.60,5.852
843.80,5.65
844.00,5.764
844.20,5.756
844.40,5.716
844.60,5.756
844.80,5.746
845.00,5.72
845.20,5.768
845.40,5.732
845.60,5.754
845.80,5.8
846.00,5.79
846.20,5.746
846.40,5.742
846.60,5.716
846.80,5.74
847.00,5.792
847.20,5.74
847.40,5.73
847.60,5.786
847.80,5.76
848.00,5.732
848.20,5.776
848.40,5.734
848.60,5.776
848.80,5.784
849.00,5.748
849.20,5.774
849.40,5.756
849.60,5.756
849.80,5.752
850.00,5.74
850.20,5.756
850.40,5.738
850.60,5.776
850.80,5.754
851.00,5.79
851.20,5.708
851.40,5.796
851.60,5.776
851.80,5.792
852.00,5.754
852.20,5.762
852.40,5.764
852.60,5.762
852.80,5.756
853.00,5.752
853.20,5.76
853.40,5.76
853.60,5.734
853.80,5.834
854.00,5.72
854.20,5.778
854.40,5.754
854.60,5.74
854.80,5.734
855.00,5.83
855.20,5.734
855.40,5.748
855.60,5.76
855.80,5.77
856.00,5.77
856.20,5.73
856.40,5.742
856.60,5.746
856.80,5.776
857.00,5.746
857.20,5.72
857.40,5.77
857.60,5.784
857.80,5.73
858.00,5.726
858.20,5.74
858.40,5.764
858.60,5.742
858.80,5.724
859.00,5.776
859.20,5.784
859.40,5.738
859.60,5.77
859.80,5.726
860.00,5.71
860.20,5.748
860.40,5.726
860.60,5.756
860.80,5.704
861.00,5.776
861.20,5.734
861.40,5.76
861.60,5.828
861.80,5.664
862.00,5.73
862.20,5.734
862.40,5.762
862.60,5.742
862.80,5.74
863.00,5.746
863.20,5.738
863.40,5.774
863.60,5.742
863.80,5.74
864.00,5.74
864.20,5.774
864.40,5.754
864.60,5.71
864.80,5.74
865.00,5.742
865.20,5.826
865.40,5.742
865.60,5.776
865.80,5.77
866.00,5.782
866.20,5.76
866.40,5.738
866.60,5.778
866.80,5.756
867.00,5.756
867.20,5.72
867.40,5.768
867.60,5.774
867.80,5.77
868.00,5.792
868.20,5.742
868.40,5.782
868.60,5.79
868.80,5.72
869.00,5.796
869.20,5.756
869.40,5.77
869.60,5.762
869.80,5.762
870.00,5.786
870.20,5.792
870.40,5.754
870.60,5.732
870.80,5.752
871.00,5.808
871.20,5.768
871.40,5.764
871.60,5.786
871.80,5.732
872.00,5.776
872.20,5.754
872.40,5.732
872.60,5.768
872.80,5.732
873.00,5.73
873.20,5.792
873.40,5.738
873.60,5.73
873.80,5.764
874.00,5.762
874.20,5.742
874.40,5.76
874.60,5.738
874.80,5.752
875.00,5.73
875.20,5.806
875.40,5.74
875.60,5.73
875.80,5.782
876.00,5.73
876.20,5.756
876.40,5.756
876.60,5.71
876.80,5.768
877.00,5.72
877.20,5.752
877.40,5.782
877.60,5.71
877.80,5.762
878.00,5.778
878.20,5.72
878.40,5.738
878.60,5.756
878.80,5.746
879.00,5.756
879.20,5.76
879.40,5.762
879.60,5.792
879.80,5.712
880.00,5.734
880.20,5.748
880.40,5.756
880.60,5.74
880.80,5.746
881.00,5.72
881.20,5.764
881.40,5.77
881.60,5.712
881.80,5.776
882.00,5.782
882.20,5.73
882.40,5.814
882.60,5.756
882.80,5.73
883.00,5.764
883.20,5.752
883.40,5.764
883.60,5.764
883.80,5.754
884.00,5.754
884.20,5.79
884.40,5.79
884.60,5.748
884.80,5.774
885.00,5.792
885.20,5.72
885.40,5.752
885.60,5.774
885.80,5.756
886.00,5.768
886.20,5.778
886.40,5.8
886.60,5.76
886.80,5.74
887.00,5.746
887.20,5.778
887.40,5.786
887.60,5.754
887.80,5.776
888.00,5.752
888.20,5.786
888.40,5.77
888.60,5.742
888.80,5.782
889.00,5.746
889.20,5.754
889.40,5.752
889.60,5.784
889.80,5.746
890.00,5.798
890.20,5.76
890.40,5.738
890.60,5.738
890.80,5.746
891.00,5.716
891.20,5.748
891.60,5.72
891.80,5.768
892.00,5.746
892.20,5.724
892.40,5.762
892.60,5.768
892.80,5.718
893.00,5.718
893.20,5.778
893.40,5.75
893.60,5.728
893.80,5.756
894.00,5.78
894.20,5.734
894.40,5.728
894.60,5.754
894.80,5.872
895.00,5.666
895.20,5.772
895.40,5.718
895.60,5.696
895.80,5.736
896.00,5.784
896.20,5.742
896.40,5.742
896.60,5.748
896.80,5.758
897.00,5.714
897.20,5.75
897.40,5.762
897.60,5.75
897.80,5.798
898.00,5.776
898.20,5.736
898.40,5.72
898.60,5.802
898.80,5.75
899.00,5.75
899.20,5.758
899.40,5.756
899.60,5.756
899.80,5.776
900.00,5.758
900.20,5.758
900.40,5.74
900.60,5.728
900.80,5.792
901.00,5.812
901.20,5.71
901.40,5.77
901.60,5.75
901.80,5.786
902.00,5.748
902.20,5.79
902.40,5.776
902.60,5.8
902.80,5.776
903.00,5.776
903.20,5.74
903.40,5.77
903.60,5.812
903.80,5.706
904.00,5.77
904.20,5.784
904.40,5.778
904.60,5.77
904.80,5.764
905.00,5.762
905.20,5.712
905.40,5.728
905.60,5.814
905.80,5.776
906.00,5.736
906.20,5.742
906.40,5.814
906.60,5.748
906.80,5.72
907.00,5.77
907.20,5.764
907.40,5.772
907.60,5.794
907.80,5.74
908.00,5.706
908.20,5.77
908.40,5.724
908.60,5.754
908.80,5.758
909.00,5.798
909.20,5.748
909.40,5.698
909.60,5.718
909.80,5.75
910.00,5.732
910.20,5.756
910.40,5.75
910.60,5.798
910.80,5.734
911.00,5.742
911.20,5.724
911.40,5.748
911.60,5.742
911.80,5.786
912.00,5.726
912.20,5.764
912.40,5.71
912.60,5.754
912.80,5.856
913.00,5.682
913.20,5.742
913.40,5.748
913.60,5.778
913.80,5.754
914.00,5.704
914.20,5.776
914.40,5.746
914.60,5.736
914.80,5.748
915.00,5.718
915.20,5.814
915.40,5.772
915.60,5.728
915.80,5.798
916.00,5.758
916.20,5.778
916.40,5.734
916.60,5.732
916.80,5.802
917.00,5.798
917.20,5.756
917.40,5.764
917.60,5.74
917.80,5.802
918.00,5.75
918.20,5.82
918.40,5.784
918.60,5.758
918.80,5.728
919.00,5.736
919.20,5.776
919.40,5.764
919.60,5.772
919.80,5.74
920.00,5.758
920.20,5.79
920.40,5.786
920.60,5.758
920.80,5.75
921.00,5.756
921.20,5.712
921.40,5.776
921.60,5.802
921.80,5.726
922.00,5.726
922.20,5.776
922.40,5.768
922.60,5.792
922.80,5.742
923.00,5.728
923.20,5.768
923.40,5.746
923.60,5.75
923.80,5.758
924.00,5.75
924.20,5.748
924.40,5.762
924.60,5.71
924.80,5.712
925.00,5.8
925.20,5.748
925.40,5.724
925.60,5.754
925.80,5.754
926.00,5.772
926.20,5.772
926.40,5.74
926.60,5.718
926.80,5.754
927.00,5.764
927.20,5.746
927.40,5.764
927.60,5.742
927.80,5.754
928.00,5.762
928.20,5.71
928.40,5.764
928.60,5.728
928.80,5.746
929.00,5.776
929.20,5.762
929.40,5.756
929.60,5.746
929.80,5.736
930.00,5.72
930.20,5.764
930.40,5.75
930.60,5.72
930.80,5.83
931.00,5.718
931.20,5.776
931.40,5.742
931.60,5.724
931.80,5.756
932.00,5.792
932.20,5.78
932.40,5.748
932.60,5.71
932.80,5.758
933.00,5.776
933.20,5.79
933.40,5.742
933.60,5.776
933.80,5.734
934.00,5.778
934.20,5.778
934.40,5.772
934.60,5.8
934.80,5.746
935.00,5.8
935.20,5.748
935.40,5.77
935.60,5.74
935.80,5.754
936.00,5.776
936.20,5.792
936.40,5.734
936.60,5.79
936.80,5.754
937.00,5.772
937.20,5.78
937.40,5.776
937.60,5.756
937.80,5.758
938.00,5.72
938.20,5.77
938.40,5.79
938.60,5.754
938.80,5.768
939.00,5.742
939.20,5.762
939.40,5.77
939.60,5.736
939.80,5.798
940.00,5.762
940.20,5.762
940.40,5.77
940.60,5.696
940.80,5.776
941.00,5.77
941.20,5.754
941.40,5.728
941.60,5.75
941.80,5.75
942.00,5.75
942.20,5.762
942.40,5.712
942.60,5.746
942.80,5.77
943.00,5.776
943.20,5.684
943.40,5.754
943.60,5.746
943.80,5.754
944.00,5.74
944.20,5.78
944.40,5.75
944.60,5.754
944.80,5.724
945.00,5.778
945.20,5.71
945.40,5.692
945.60,5.758
945.80,5.768
946.00,5.746
946.20,5.776
946.40,5.764
946.60,5.742
946.80,5.746
947.00,5.728
947.20,5.754
947.40,5.726
947.60,5.74
947.80,5.762
948.00,5.778
948.20,5.768
948.40,5.704
948.60,5.768
948.80,5.85
949.00,5.652
949.20,5.798
949.40,5.77
949.60,5.768
949.80,5.75
950.00,5.764
950.20,5.754
950.40,5.824
950.60,5.808
950.80,5.72
951.00,5.714
951.20,5.77
951.40,5.764
951.60,5.79
951.80,5.784
952.00,5.732
952.20,5.808
952.40,5.72
952.60,5.772
952.80,5.784
953.00,5.754
953.20,5.79
953.40,5.776
953.60,5.746
953.80,5.778
954.00,5.762
954.20,5.758
954.40,5.75
954.60,5.77
954.80,5.77
955.00,5.746
955.20,5.728
955.40,5.762
955.60,5.748
955.80,5.798
956.00,5.702
956.20,5.784
956.40,5.762
956.60,5.776
956.80,5.746
957.00,5.74
957.20,5.728
957.40,5.754
957.60,5.736
957.80,5.75
958.00,5.772
958.20,5.736
958.40,5.736
958.60,5.78
958.80,5.784
959.00,5.712
959.20,5.728
959.40,5.736
959.60,5.762
959.80,5.746
960.00,5.798
960.20,5.748
960.40,5.762
960.60,5.78
960.80,5.706
961.00,5.798
961.20,5.728
961.40,5.742
961.60,5.756
961.80,5.732
962.00,5.776
962.20,5.772
962.40,5.72
962.60,5.75
962.80,5.714
963.00,5.776
963.20,5.726
963.40,5.812
963.60,5.754
963.80,5.734
964.00,5.74
964.20,5.762
964.40,5.748
964.60,5.704
964.80,5.79
965.00,5.798
965.20,5.748
965.40,5.75
965.60,5.776
965.80,5.75
966.00,5.776
966.20,5.814
966.40,5.724
966.60,5.768
966.80,5.844
967.00,5.648
967.20,5.79
967.40,5.77
967.60,5.794
967.80,5.778
968.00,5.778
968.20,5.802
968.40,5.718
968.60,5.75
968.80,5.776
969.00,5.784
969.20,5.802
969.40,5.77
969.60,5.746
969.80,5.724
970.00,5.776
970.20,5.758
970.40,5.824
970.60,5.75
970.80,5.74
971.00,5.746
971.20,5.808
971.40,5.784
971.60,5.784
971.80,5.776
972.00,5.742
972.20,5.792
972.40,5.736
972.60,5.8
972.80,5.748
973.00,5.736
973.20,5.75
973.40,5.756
973.60,5.78
973.80,5.714
974.00,5.776
974.20,5.734
974.40,5.736
974.60,5.726
974.80,5.772
975.00,5.728
975.20,5.762
975.40,5.67
975.60,5.758
975.80,5.79
976.00,5.704
976.20,5.802
976.40,5.72
976.60,5.746
976.80,5.802
977.00,5.784
977.20,5.698
977.40,5.764
977.60,5.726
977.80,5.768
978.00,5.718
978.20,5.734
978.40,5.762
978.60,5.758
978.80,5.74
979.00,5.756
979.20,5.776
979.40,5.714
979.60,5.742
979.80,5.728
980.00,5.786
980.20,5.706
980.40,5.802
980.60,5.756
980.80,5.786
981.00,5.688
981.20,5.772
981.40,5.728
981.60,5.736
981.80,5.762
982.00,5.78
982.20,5.762
982.40,5.764
982.60,5.754
982.80,5.778
983.00,5.77
983.20,5.798
983.40,5.754
983.60,5.726
983.80,5.75
984.00,5.762
984.20,5.79
984.40,5.806
984.60,5.732
984.80,5.88
985.00,5.666
985.20,5.736
985.40,5.772
985.60,5.784
985.80,5.736
986.00,5.726
986.20,5.778
986.40,5.798
986.60,5.772
986.80,5.756
987.00,5.724
987.20,5.812
987.40,5.736
987.60,5.784
987.80,5.732
988.00,5.802
988.20,5.754
988.40,5.75
988.60,5.798
988.80,5.734
989.00,5.79
989.20,5.75
989.40,5.758
989.60,5.754
989.80,5.772
990.00,5.79
990.20,5.728
990.40,5.702
990.60,5.776
990.80,5.758
991.00,5.762
991.20,5.724
991.40,5.768
991.60,5.728
991.80,5.786
992.00,5.762
992.20,5.704
992.40,5.748
992.60,5.748
992.80,5.768
993.00,5.684
993.20,5.75
993.40,5.79
993.60,5.746
993.80,5.736
994.00,5.754
994.20,5.734
994.40,5.728
994.60,5.768
994.80,5.714
995.00,5.748
995.20,5.728
995.40,5.746
995.60,5.74
995.80,5.792
996.00,5.742
996.20,5.776
996.40,5.778
996.60,5.758
996.80,5.756
997.00,5.726
997.20,5.714
997.40,5.798
997.60,5.712
997.80,5.784
998.00,5.764
998.20,5.768
998.40,5.742
998.60,5.808
998.80,5.748
999.00,5.732
999.20,5.78
999.40,5.772
999.60,5.726
999.80,5.778
1000.00,5.732
1000.20,5.732
1000.40,5.77
1000.60,5.72
1000.80,5.792
1001.00,5.756
1001.20,5.78
1001.40,5.75
1001.60,5.776
1001.80,5.75
1002.00,5.74
1002.20,5.8
1002.40,5.772
1002.60,5.768
1002.80,5.852
1003.00,5.66
1003.20,5.764
1003.40,5.754
1003.60,5.762
1003.80,5.78
1004.00,5.776
1004.20,5.74
1004.40,5.77
1004.60,5.754
1004.80,5.762
1005.00,5.726
1005.20,5.768
1005.40,5.792
1005.60,5.732
1005.80,5.786
1006.00,5.754
1006.20,5.764
1006.40,5.762
1006.60,5.734
1006.80,5.754
1007.00,5.776
1007.20,5.714
1007.40,5.768
1007.60,5.762
1007.80,5.754
1008.00,5.736
1008.20,5.732
1008.40,5.754
1008.60,5.754
1008.80,5.778
1009.00,5.78
1009.20,5.746
1009.40,5.732
1009.60,5.712
1009.80,5.778
1010.00,5.732
1010.20,5.754
1010.40,5.728
1010.60,5.732
1010.80,5.772
1011.00,5.786
1011.20,5.698
1011.40,5.776
1011.60,5.762
1011.80,5.724
1012.00,5.718
1012.20,5.726
1012.40,5.746
1012.60,5.776
1012.80,5.808
1013.00,5.758
1013.20,5.74
1013.40,5.732
1013.60,5.742
1013.80,5.736
1014.00,5.776
1014.20,5.726
1014.40,5.75
1014.60,5.764
1014.80,5.732
1015.00,5.728
1015.20,5.792
1015.40,5.778
1015.60,5.726
1015.80,5.754
1016.00,5.756
1016.20,5.762
1016.40,5.726
1016.60,5.75
1016.80,5.778
1017.00,5.78
1017.20,5.764
1017.40,5.792
1017.60,5.764
1017.80,5.756
1018.00,5.746
1018.20,5.756
1018.40,5.778
1018.60,5.754
1018.80,5.794
1019.00,5.754
1019.20,5.758
1019.40,5.742
1019.60,5.79
1019.80,5.746
1020.00,5.746
1020.20,5.762
1020.40,5.74
1020.60,5.74
1020.80,5.866
1021.00,5.692
1021.20,5.754
1021.40,5.792
1021.60,5.734
1021.80,5.768
1022.00,5.754
1022.20,5.792
1022.40,5.768
1022.60,5.732
1022.80,5.724
1023.00,5.814
1023.20,5.74
1023.40,5.82
1023.60,5.712
1023.80,5.776
1024.00,5.74
1024.20,5.712
1024.40,5.776
1024.60,5.746
1024.80,5.772
1025.00,5.748
1025.20,5.734
1025.40,5.784
1025.60,5.762
1025.80,5.702
1026.00,5.75
1026.20,5.768
1026.40,5.726
1026.60,5.75
1026.80,5.764
1027.00,5.734
1027.20,5.79
1027.40,5.728
1027.60,5.702
1027.80,5.74
1028.00,5.736
1028.20,5.778
1028.40,5.79
1028.60,5.706
1028.80,5.712
1029.00,5.746
1029.20,5.754
1029.40,5.734
1029.60,5.748
1029.80,5.724
1030.00,5.758
1030.20,5.8
1030.40,5.742
1030.60,5.718
1030.80,5.748
1031.00,5.758
1031.20,5.756
1031.40,5.746
1031.60,5.764
1031.80,5.776
1032.00,5.742
1032.20,5.71
1032.40,5.794
1032.60,5.742
1032.80,5.78
1033.00,5.784
1033.20,5.748
1033.40,5.758
1033.60,5.778
1033.80,5.77
1034.00,5.758
1034.20,5.768
1034.40,5.742
1034.60,5.824
1034.80,5.814
1035.00,5.772
1035.20,5.724
1035.40,5.742
1035.60,5.778
1035.80,5.746
1036.00,5.814
1036.20,5.74
1036.40,5.776
1036.60,5.792
1036.80,5.734
1037.00,5.764
1037.20,5.764
1037.40,5.792
1037.60,5.732
1037.80,5.704
1038.00,5.762
1038.20,5.816
1038.40,5.79
1038.60,5.748
1038.80,5.82
1039.00,5.718
1039.20,5.756
1039.40,5.762
1039.60,5.724
1039.80,5.748
1040.00,5.756
1040.20,5.77
1040.40,5.728
1040.60,5.734
1040.80,5.75
1041.00,5.736
1041.20,5.768
1041.40,5.746
1041.60,5.742
1041.80,5.748
1042.00,5.754
1042.20,5.714
1042.40,5.75
1042.60,5.792
1042.80,5.736
1043.00,5.758
1043.20,5.712
1043.40,5.728
1043.60,5.718
1043.80,5.748
1044.00,5.776
1044.20,5.75
1044.40,5.772
1044.60,5.726
1044.80,5.798
1045.00,5.726
1045.20,5.75
1045.40,5.758
1045.60,5.746
1045.80,5.728
1046.00,5.736
1046.20,5.718
1046.40,5.78
1046.60,5.742
1046.80,5.77
1047.00,5.748
1047.20,5.78
1047.40,5.748
1047.60,5.728
1047.80,5.706
1048.00,5.77
1048.20,5.784
1048.40,5.762
1048.60,5.728
1048.80,5.758
1049.00,5.794
1049.20,5.768
1049.40,5.78
1049.60,5.764
1049.80,5.768
1050.00,5.742
1050.20,5.71
1050.40,5.79
1050.60,5.8
1050.80,5.786
1051.00,5.784
1051.20,5.74
1051.40,5.792
1051.60,5.794
1051.80,5.734
1052.00,5.726
1052.20,5.746
1052.40,5.8
1052.60,5.784
1052.80,5.754
1053.00,5.756
1053.20,5.77
1053.40,5.786
1053.60,5.762
1053.80,5.74
1054.00,5.75
1054.20,5.778
1054.40,5.78
1054.60,5.742
1054.80,5.778
1055.00,5.74
1055.20,5.772
1055.40,5.724
1055.60,5.786
1055.80,5.748
1056.00,5.792
1056.20,5.736
1056.40,5.8
1056.60,5.764
1056.80,5.794
1057.00,5.666
1057.20,5.754
1057.40,5.734
1057.60,5.764
1057.80,5.792
1058.00,5.772
1058.20,5.736
1058.40,5.734
1058.60,5.756
1058.80,5.714
1059.00,5.75
1059.20,5.74
1059.40,5.8
1059.60,5.748
1059.80,5.814
1060.00,5.74
1060.20,5.71
1060.40,5.726
1060.60,5.758
1060.80,5.748
1061.00,5.754
1061.20,5.74
1061.40,5.718
1061.60,5.728
1061.80,5.746
1062.00,5.756
1062.20,5.768
1062.40,5.75
1062.60,5.786
1062.80,5.71
1063.00,5.706
1063.20,5.742
1063.40,5.778
1063.60,5.706
1063.80,5.754
1064.00,5.778
1064.20,5.768
1064.40,5.77
1064.60,5.758
1064.80,5.728
1065.00,5.762
1065.20,5.8
1065.40,5.768
1065.60,5.75
1065.80,5.748
1066.00,5.8
1066.20,5.758
1066.40,5.764
1066.60,5.746
1066.80,5.734
1067.00,5.756
1067.20,5.772
1067.40,5.784
1067.60,5.746
1067.80,5.748
1068.00,5.8
1068.20,5.778
1068.40,5.736
1068.60,5.792
1068.80,5.772
1069.00,5.758
1069.20,5.746
1069.40,5.812
1069.60,5.756
1069.80,5.734
1070.00,5.776
1070.20,5.742
1070.40,5.748
1070.60,5.768
1070.80,5.772
1071.00,5.748
1071.20,5.764
1071.40,5.762
1071.60,5.792
1071.80,5.814
1072.00,5.732
1072.20,5.784
1072.40,5.724
1072.60,5.75
1072.80,5.776
1073.00,5.732
1073.20,5.764
1073.40,5.78
1073.60,5.718
1073.80,5.808
1074.00,5.734
1074.20,5.718
1074.40,5.72
1074.60,5.786
1074.80,5.846
1075.00,5.71
1075.20,5.824
1075.40,5.816
1075.60,5.786
1075.80,6.074
1076.00,12.522
1076.20,11.144
1076.40,11.106
1076.60,10.504
1076.80,11.602
1077.00,14.922
1077.20,25.636
1077.40,25.194
1077.60,25.296
1077.80,25.256
1078.00,25.19
1078.20,25.186
1078.40,25.278
1078.60,25.218
1078.80,25.16
1079.00,25.266
1079.20,25.124
1079.40,25.21
1079.60,25.208
1079.80,25.218
1080.00,25.196
1080.20,25.166
1080.40,25.328
1080.60,25.23
1080.80,25.216
1081.00,25.222
1081.20,25.212
1081.40,25.194
1081.60,25.266
1081.80,25.266
1082.00,25.21
1082.20,25.244
1082.40,25.218
1082.60,25.166
1082.80,25.218
1083.00,25.226
1083.20,25.216
1083.40,25.314
1083.60,25.234
1083.80,25.182
1084.00,25.268
1084.20,25.24
1084.40,25.344
1084.60,25.19
1084.80,25.212
1085.00,25.268
1085.20,25.252
1085.40,25.216
1085.60,25.204
1085.80,25.526
1086.00,25.306
1086.20,25.204
1086.40,25.234
1086.60,25.204
1086.80,25.252
1087.00,25.204
1087.20,25.254
1087.40,25.224
1087.60,25.26
1087.80,25.196
1088.00,25.274
1088.20,25.182
1088.40,25.27
1088.60,25.32
1088.80,25.134
1089.00,25.288
1089.20,25.222
1089.40,25.256
1089.60,25.212
1089.80,25.222
1090.00,25.232
1090.20,25.24
1090.40,25.268
1090.60,25.172
1090.80,25.21
1091.00,25.208
1091.20,25.244
1091.40,25.262
1091.60,25.224
1091.80,25.19
1092.00,25.194
1092.20,25.266
1092.40,25.204
1092.60,25.312
1092.80,25.68
1093.00,24.746
1093.20,25.274
1093.40,25.188
1093.60,25.274
1093.80,25.186
1094.00,25.31
1094.20,25.26
1094.40,25.186
1094.60,25.2
1094.80,25.274
1095.00,25.252
1095.20,25.182
1095.40,25.508
1095.60,25.188
1095.80,25.218
1096.00,25.196
1096.20,25.244
1096.40,25.134
1096.60,25.23
1096.80,25.288
1097.00,25.222
1097.20,25.216
1097.40,25.224
1097.60,25.246
1097.80,25.204
1098.00,25.222
1098.20,25.274
1098.40,25.298
1098.60,25.186
1098.80,25.252
1099.00,25.262
1099.20,25.21
1099.40,25.362
1099.60,25.156
1099.80,25.288
1100.00,25.224
1100.20,25.2
1100.40,25.226
1100.60,25.29
1100.80,25.364
1101.00,25.218
1101.20,25.256
1101.40,25.26
1101.60,25.24
1101.80,25.234
1102.00,25.182
1102.20,25.318
1102.40,25.304
1102.60,25.16
1102.80,25.298
1103.00,25.244
1103.20,25.292
1103.40,25.168
1103.60,25.328
1103.80,25.174
1104.00,25.27
1104.20,25.2
1104.40,25.27
1104.60,25.194
1104.80,25.276
1105.00,25.606
1105.20,25.204
1105.40,25.178
1105.60,25.282
1105.80,25.26
1106.00,25.19
1106.20,25.238
1106.40,25.356
1106.60,25.196
1106.80,25.196
1107.00,25.204
1107.20,25.2
1107.40,25.276
1107.60,25.288
1107.80,25.208
1108.00,25.204
1108.20,25.208
1108.40,25.262
1108.60,25.216
1108.80,25.212
1109.00,25.37
1109.20,25.128
1109.40,25.304
1109.60,25.202
1109.80,25.21
1110.00,25.222
1110.20,25.208
1110.40,25.322
1110.60,25.216
1110.80,25.664
1111.00,24.784
1111.20,25.156
1111.40,25.218
1111.60,25.212
1111.80,25.312
1112.00,25.156
1112.20,25.2
1112.40,25.23
1112.60,25.204
1112.80,25.19
1113.00,25.222
1113.20,25.312
1113.40,25.226
1113.60,25.224
1113.80,25.196
1114.00,25.216
1114.20,25.234
1114.40,25.23
1114.60,25.476
1114.80,25.266
1115.00,25.26
1115.20,25.182
1115.40,25.224
1115.60,25.296
1115.80,25.306
1116.00,25.18
1116.20,25.238
1116.40,25.252
1116.60,25.224
1116.80,25.234
1117.00,25.196
1117.20,25.314
1117.40,25.256
1117.60,25.188
1117.80,25.278
1118.00,25.284
1118.20,25.196
1118.40,25.222
1118.60,25.288
1118.80,25.256
1119.00,25.246
1119.20,25.278
1119.40,25.19
1119.60,25.254
1119.80,25.262
1120.00,25.296
1120.20,25.244
1120.40,25.234
1120.60,25.234
1120.80,25.232
1121.00,25.274
1121.20,25.238
1121.40,25.328
1121.60,25.224
1121.80,25.23
1122.00,25.252
1122.20,25.282
1122.40,25.256
1122.60,25.216
1122.80,25.284
1123.00,25.238
1123.20,25.216
1123.40,25.234
1123.60,25.232
1123.80,25.234
1124.00,25.556
1124.20,25.16
1124.40,25.256
1124.60,25.226
1124.80,25.244
1125.00,25.2
1125.20,25.24
1125.40,25.312
1125.60,25.19
1125.80,25.256
1126.00,25.208
1126.20,25.16
1126.40,25.256
1126.60,25.226
1126.80,25.296
1127.00,25.23
1127.20,25.164
1127.40,25.292
1127.60,25.16
1127.80,25.262
1128.00,25.212
1128.20,25.304
1128.40,25.224
1128.60,25.222
1128.80,25.666
1129.00,24.754
1129.20,25.256
1129.40,25.158
1129.60,25.288
1129.80,25.226
1130.00,25.282
1130.20,25.186
1130.40,25.218
1130.60,25.246
1130.80,25.266
1131.00,25.224
1131.20,25.282
1131.40,25.152
1131.60,25.29
1131.80,25.23
1132.00,25.23
1132.20,25.328
1132.40,25.174
1132.60,25.284
1132.80,25.224
1133.00,25.226
1133.20,25.262
1133.40,25.218
1133.60,25.644
1133.80,25.174
1134.00,25.216
1134.20,25.288
1134.40,25.27
1134.60,25.194
1134.80,25.296
1135.00,25.306
1135.20,25.24
1135.40,25.172
1135.60,25.24
1135.80,25.27
1136.00,25.232
1136.20,25.262
1136.40,25.334
1136.60,25.248
1136.80,25.182
1137.00,25.292
1137.20,25.29
1137.40,25.256
1137.60,25.196
1137.80,25.32
1138.00,25.226
1138.20,25.266
1138.40,25.222
1138.60,25.234
1138.80,25.204
1139.00,25.31
1139.20,25.224
1139.40,25.278
1139.60,25.186
1139.80,25.232
1140.00,25.186
1140.20,25.232
1140.40,25.366
1140.60,25.232
1140.80,25.226
1141.00,25.174
1141.20,25.248
1141.40,25.256
1141.60,25.186
1141.80,25.31
1142.00,25.274
1142.20,25.202
1142.40,25.212
1142.60,25.212
1142.80,25.212
1143.00,25.232
1143.20,25.474
1143.40,25.224
1143.60,25.238
1143.80,25.23
1144.00,25.164
1144.20,25.322
1144.40,25.21
1144.60,25.31
1144.80,25.196
1145.00,25.19
1145.20,25.254
1145.40,25.208
1145.60,25.244
1145.80,25.216
1146.00,25.298
1146.20,25.254
1146.40,25.23
1146.60,25.24
1146.80,25.664
1147.00,24.8
1147.20,25.244
1147.40,25.284
1147.60,25.21
1147.80,25.24
1148.00,25.216
1148.20,25.3
1148.40,25.202
1148.60,25.406
1148.80,25.208
1149.00,25.208
1149.20,25.21
1149.40,25.276
1149.60,25.24
1149.80,25.208
1150.00,25.332
1150.20,25.24
1150.40,25.26
1150.60,25.212
1150.80,25.23
1151.00,25.274
1151.20,25.164
1151.40,25.362
1151.60,25.278
1151.80,25.186
1152.00,25.208
1152.20,25.238
1152.40,25.282
1152.60,25.24
1152.80,25.56
1153.00,25.234
1153.20,25.24
1153.40,25.218
1153.60,25.202
1153.80,25.254
1154.00,25.234
1154.20,25.296
1154.40,25.254
1154.60,25.186
1154.80,25.29
1155.00,25.212
1155.20,25.204
1155.40,25.292
1155.60,25.262
1155.80,25.23
1156.00,25.274
1156.20,25.226
1156.40,25.204
1156.60,25.256
1156.80,25.304
1157.00,25.23
1157.20,25.216
1157.40,25.19
1157.60,25.248
1157.80,25.238
1158.00,25.23
1158.20,25.3
1158.40,25.196
1158.60,25.246
1158.80,25.2
1159.00,25.3
1159.20,25.19
1159.40,25.26
1159.60,25.296
1159.80,25.204
1160.00,25.194
1160.20,25.278
1160.40,25.26
1160.60,25.202
1160.80,25.248
1161.00,25.336
1161.20,25.174
1161.40,25.266
1161.60,25.216
1161.80,25.222
1162.00,25.244
1162.20,25.21
1162.40,25.57
1162.60,25.234
1162.80,25.21
1163.00,25.222
1163.20,25.24
1163.40,25.196
1163.60,25.248
1163.80,25.26
1164.00,25.23
1164.20,25.282
1164.40,25.2
1164.60,25.24
1164.80,25.644
1165.00,24.87
1165.20,25.244
1165.40,25.24
1165.60,25.292
1165.80,25.23
1166.00,25.268
1166.20,25.188
1166.40,25.284
1166.60,25.276
1166.80,25.256
1167.00,25.234
1167.20,25.216
1167.40,25.266
1167.60,25.29
1167.80,25.29
1168.00,25.31
1168.20,25.208
1168.40,25.268
1168.60,25.238
1168.80,25.268
1169.00,25.266
1169.20,25.356
1169.40,25.224
1169.60,25.252
1169.80,25.296
1170.00,25.226
1170.20,25.3
1170.40,25.232
1170.60,25.32
1170.80,25.218
1171.00,25.232
1171.20,25.18
1171.40,25.292
1171.60,25.204
1171.80,25.304
1172.00,25.472
1172.20,25.156
1172.40,25.226
1172.60,25.282
1172.80,25.26
1173.00,25.182
1173.20,25.354
1173.40,25.212
1173.60,25.224
1173.80,25.268
1174.00,25.202
1174.20,25.238
1174.40,25.24
1174.60,25.306
1174.80,25.256
1175.00,25.26
1175.20,25.218
1175.40,25.244
1175.60,25.21
1175.80,25.252
1176.00,25.306
1176.20,25.238
1176.40,25.23
1176.60,25.248
1176.80,25.232
1177.00,25.24
1177.20,25.18
1177.40,25.342
1177.60,25.194
1177.80,25.248
1178.00,25.234
1178.20,25.27
1178.40,25.262
1178.60,25.2
1178.80,25.274
1179.00,25.256
1179.20,25.24
1179.40,25.222
1179.60,25.24
1179.80,25.256
1180.00,25.212
1180.20,25.234
1180.40,25.216
1180.60,25.188
1180.80,25.266
1181.00,25.178
1181.20,25.274
1181.40,25.724
1181.60,25.054
1181.80,25.174
1182.00,25.194
1182.20,25.178
1182.40,25.188
1182.60,25.24
1182.80,25.74
1183.00,24.812
1183.20,25.246
1183.40,25.2
1183.60,25.304
1183.80,25.23
1184.00,25.23
1184.20,25.31
1184.40,25.218
1184.60,25.244
1184.80,25.234
1185.00,25.218
1185.20,25.232
1185.40,25.276
1185.60,25.32
1185.80,25.216
1186.00,25.288
1186.20,25.208
1186.40,25.262
1186.60,25.238
1186.80,25.246
1187.00,25.314
1187.20,25.26
1187.40,25.26
1187.60,25.268
1187.80,25.24
1188.00,25.248
1188.20,25.288
1188.40,25.224
1188.60,25.278
1188.80,25.266
1189.00,25.232
1189.20,25.152
1189.40,25.27
1189.60,25.364
1189.80,25.174
1190.00,25.278
1190.20,25.232
1190.40,25.226
1190.60,25.202
1190.80,25.238
1191.00,25.512
1191.20,25.304
1191.40,25.226
1191.80,25.256
1192.00,25.254
1192.20,25.262
1192.40,25.208
1192.60,25.222
1192.80,25.252
1193.00,25.238
1193.20,25.232
1193.40,25.212
1193.60,25.376
1193.80,25.178
1194.00,25.216
1194.20,25.246
1194.40,25.27
1194.60,25.23
1194.80,25.24
1195.00,25.262
1195.20,25.244
1195.40,25.278
1195.60,25.246
1195.80,25.194
1196.00,25.282
1196.20,25.268
1196.40,25.292
1196.60,25.226
1196.80,25.194
1197.00,25.238
1197.20,25.252
1197.40,25.188
1197.60,25.348
1197.80,25.194
1198.00,25.67
1198.20,24.804
1198.40,25.252
1198.60,25.254
1198.80,25.166
1199.00,25.34
1199.20,25.282
1199.40,25.216
1199.60,25.274
1199.80,25.252
1200.00,25.238
1200.20,25.248
1200.40,25.512
1200.60,25.276
1200.80,25.202
1201.00,25.26
1201.20,25.256
1201.40,25.15
1201.60,25.29
1201.80,25.262
1202.00,25.3
1202.20,25.222
1202.40,25.212
1202.60,25.23
1202.80,25.262
1203.00,25.296
1203.20,25.304
1203.40,25.268
1203.60,25.226
1203.80,25.202
1204.00,25.256
1204.20,25.26
1204.40,25.306
1204.60,25.244
1204.80,25.23
1205.00,25.31
1205.20,25.222
1205.40,25.21
1205.60,25.24
1205.80,25.428
1206.00,25.188
1206.20,25.256
1206.40,25.244
1206.60,25.266
1206.80,25.23
1207.00,25.226
1207.20,25.296
1207.40,25.234
1207.60,25.256
1207.80,25.194
1208.00,25.208
1208.20,25.278
1208.40,25.186
1208.60,25.328
1208.80,25.23
1209.00,25.234
1209.20,25.256
1209.40,25.18
1209.60,25.282
1209.80,25.21
1210.00,25.51
1210.20,25.282
1210.40,25.168
1210.60,25.194
1210.80,25.274
1211.00,25.182
1211.20,25.252
1211.40,25.278
1211.60,25.19
1211.80,25.204
1212.00,25.256
1212.20,25.246
1212.40,25.252
1212.60,25.254
1212.80,25.27
1213.00,25.152
1213.20,25.248
1213.40,25.226
1213.60,25.204
1213.80,25.244
1214.00,25.358
1214.20,25.238
1214.40,25.216
1214.60,25.208
1214.80,25.268
1215.00,25.24
1215.20,25.226
1215.40,25.262
1215.60,25.248
1215.80,25.268
1216.00,25.65
1216.20,24.83
1216.40,25.276
1216.60,25.23
1216.80,25.312
1217.00,25.296
1217.20,25.16
1217.40,25.26
1217.60,25.244
1217.80,25.24
1218.00,25.288
1218.20,25.312
1218.40,25.278
1218.60,25.196
1218.80,25.306
1219.00,25.182
1219.20,25.282
1219.40,25.268
1219.60,25.494
1219.80,25.268
1220.00,25.232
1220.20,25.296
1220.40,25.208
1220.60,25.256
1220.80,25.292
1221.00,25.222
1221.20,25.218
1221.40,25.31
1221.60,25.156
1221.80,25.27
1222.00,25.212
1222.20,25.386
1222.40,25.222
1222.60,25.31
1222.80,25.144
1223.00,25.248
1223.20,25.284
1223.40,25.202
1223.60,25.298
1223.80,25.222
1224.00,25.232
1224.20,25.248
1224.40,25.224
1224.60,25.306
1224.80,25.222
1225.00,25.27
1225.20,25.23
1225.40,25.186
1225.60,25.238
1225.80,25.262
1226.00,25.234
1226.20,25.186
1226.40,25.314
1226.60,25.248
1226.80,25.186
1227.00,25.18
1227.20,25.232
1227.40,25.266
1227.60,25.19
1227.80,25.332
1228.00,25.204
1228.20,25.246
1228.40,25.246
1228.60,25.24
1228.80,25.208
1229.00,25.454
1229.20,25.164
1229.40,25.29
1229.60,25.202
1229.80,25.196
1230.00,25.23
1230.20,25.216
1230.40,25.348
1230.60,25.246
1230.80,25.194
1231.00,25.248
1231.20,25.24
1231.40,25.26
1231.60,25.202
1231.80,25.292
1232.00,25.23
1232.20,25.278
1232.40,25.232
1232.60,25.24
1232.80,25.216
1233.00,25.274
1233.20,25.35
1233.40,25.23
1233.60,25.19
1233.80,25.278
1234.00,25.656
1234.20,24.9
1234.40,25.248
1234.60,25.304
1234.80,25.244
1235.00,25.222
1235.20,25.216
1235.40,25.296
1235.60,25.212
1235.80,25.284
1236.00,25.282
1236.20,25.282
1236.40,25.274
1236.60,25.246
1236.80,25.24
1237.00,25.244
1237.20,25.31
1237.40,25.24
1237.60,25.256
1237.80,25.196
1238.00,25.314
1238.20,25.182
1238.40,25.296
1238.60,25.6
1238.80,25.186
1239.00,25.224
1239.20,25.23
1239.40,25.18
1239.60,25.246
1239.80,25.266
1240.00,25.314
1240.20,25.21
1240.40,25.212
1240.60,25.252
1240.80,25.282
1241.00,25.19
1241.20,25.282
1241.40,25.31
1241.60,25.204
1241.80,25.268
1242.00,25.23
1242.20,25.274
1242.40,25.256
1242.60,25.194
1242.80,25.276
1243.00,25.24
1243.20,25.208
1243.40,25.23
1243.60,25.232
1243.80,25.202
1244.00,25.266
1244.20,25.34
1244.40,25.216
1244.60,25.232
1244.80,25.222
1245.00,25.234
1245.20,25.218
1245.40,25.34
1245.60,25.18
1245.80,25.238
1246.00,25.224
1246.20,25.266
1246.40,25.24
1246.60,25.292
1246.80,25.284
1247.00,25.234
1247.20,25.204
1247.40,25.2
1247.60,25.246
1247.80,25.234
1248.00,25.314
1248.20,25.468
1248.40,25.256
1248.60,25.234
1248.80,25.232
1249.00,25.166
1249.20,25.202
1249.40,25.304
1249.60,25.312
1249.80,25.252
1250.00,25.232
1250.20,25.282
1250.40,25.216
1250.60,25.212
1250.80,25.334
1251.00,25.274
1251.20,25.268
1251.40,25.24
1251.60,25.246
1251.80,25.244
1252.00,25.658
1252.20,24.812
1252.40,25.32
1252.60,25.19
1252.80,25.32
1253.00,25.232
1253.20,25.23
1253.40,25.246
1253.60,25.362
1253.80,25.208
1254.00,25.18
1254.20,25.328
1254.40,25.208
1254.60,25.298
1254.80,25.194
1255.00,25.37
1255.20,25.26
1255.40,25.18
1255.60,25.23
1255.80,25.262
1256.00,25.202
1256.20,25.208
1256.40,25.27
1256.60,25.274
1256.80,25.216
1257.00,25.252
1257.20,25.256
1257.40,25.21
1257.60,25.188
1257.80,25.658
1258.00,25.186
1258.20,25.21
1258.40,25.226
1258.60,25.208
1258.80,25.24
1259.00,25.244
1259.20,25.24
1259.40,25.276
1259.60,25.252
1259.80,25.218
1260.00,25.23
1260.20,25.2
1260.40,25.182
1260.60,25.314
1260.80,25.216
1261.00,25.19
1261.20,25.204
1261.40,25.244
1261.60,25.262
1261.80,25.314
1262.00,25.172
1262.20,25.178
1262.40,25.296
1262.60,25.222
1262.80,25.268
1263.00,25.218
1263.20,25.37
1263.40,25.186
1263.60,25.24
1263.80,25.296
1264.00,25.204
1264.20,25.204
1264.40,25.298
1264.60,25.288
1264.80,25.284
1265.00,25.254
1265.20,25.212
1265.40,25.24
1265.60,25.252
1265.80,25.224
1266.00,25.306
1266.20,25.3
1266.40,25.234
1266.60,25.32
1266.80,25.254
1267.00,25.194
1267.20,25.212
1267.40,25.554
1267.60,25.27
1267.80,25.2
1268.00,25.31
1268.20,25.15
1268.40,25.292
1268.60,25.312
1268.80,25.3
1269.00,25.248
1269.20,25.21
1269.40,25.276
1269.60,25.222
1269.80,25.312
1270.00,25.788
1270.20,24.85
1270.40,25.24
1270.60,25.26
1270.80,25.256
1271.00,25.244
1271.20,25.266
1271.40,25.398
1271.60,25.262
1271.80,25.252
1272.00,25.27
1272.20,25.24
1272.40,25.252
1272.60,25.188
1272.80,25.354
1273.00,25.314
1273.20,25.234
1273.40,25.202
1273.60,25.212
1273.80,25.314
1274.00,25.188
1274.20,25.37
1274.40,25.234
1274.60,25.274
1274.80,25.19
1275.00,25.274
1275.20,25.222
1275.40,25.188
1275.60,25.356
1275.80,25.204
1276.00,25.266
1276.20,25.226
1276.40,25.232
1276.60,25.208
1276.80,25.278
1277.00,25.496
1277.20,25.248
1277.40,25.194
1277.60,25.292
1277.80,25.204
1278.00,25.19
1278.20,25.384
1278.40,25.24
1278.60,25.278
1278.80,25.208
1279.00,25.226
1279.20,25.282
1279.40,25.222
1279.60,25.292
1279.80,25.248
1280.00,25.248
1280.20,25.238
1280.40,25.24
1280.60,25.244
1280.80,25.248
1281.00,25.29
1281.20,25.216
1281.40,25.252
1281.60,25.3
1281.80,25.232
1282.00,25.2
1282.20,25.238
1282.40,25.388
1282.60,25.156
1282.80,25.246
1283.00,25.298
1283.20,25.27
1283.40,25.238
1283.60,25.266
1283.80,25.3
1284.00,25.252
1284.20,25.248
1284.40,25.224
1284.60,25.274
1284.80,25.174
1285.00,25.344
1285.20,25.098
1285.40,23.894
1285.60,25.26
1285.80,25.244
1286.00,23.644
1286.20,25.252
1286.40,25.618
1286.60,25.094
1286.80,25.252
1287.00,25.278
1287.20,25.262
1287.40,25.254
1287.60,25.246
1287.80,25.32
1288.00,25.728
1288.20,24.834
1288.40,25.254
1288.60,25.23
1288.80,25.296
1289.00,25.218
1289.20,25.3
1289.40,25.256
1289.60,25.24
1289.80,25.24
1290.00,25.238
1290.20,25.262
1290.40,25.224
1290.60,25.336
1290.80,25.234
1291.00,25.256
1291.20,25.212
1291.40,25.246
1291.60,25.174
1291.80,25.274
1292.00,25.314
1292.20,25.248
1292.40,25.24
1292.60,25.212
1292.80,25.27
1293.00,25.23
1293.20,25.262
1293.40,25.278
1293.60,25.224
1293.80,25.24
1294.00,25.254
1294.20,25.234
1294.40,25.234
1294.60,25.398
1294.80,25.19
1295.00,25.24
1295.20,25.202
1295.40,25.26
1295.60,25.172
1295.80,25.334
1296.00,25.582
1296.20,25.234
1296.40,25.23
1296.60,25.24
1296.80,25.24
1297.00,25.172
1297.20,25.19
1297.40,25.3
1297.60,25.19
1297.80,25.306
1298.00,25.166
1298.20,25.26
1298.40,25.254
1298.60,25.226
1298.80,25.31
1299.00,25.246
1299.20,25.23
1299.40,25.298
1299.60,25.268
1299.80,25.218
1300.00,25.262
1300.20,25.304
1300.40,25.216
1300.60,25.254
1300.80,25.278
1301.00,25.23
1301.20,25.256
1301.40,25.276
1301.60,25.284
1301.80,25.26
1302.00,25.244
1302.20,25.23
1302.40,25.3
1302.60,25.292
1302.80,25.31
1303.00,25.216
1303.20,25.274
1303.40,25.26
1303.60,25.252
1303.80,25.218
1304.00,25.262
1304.20,25.428
1304.40,25.194
1304.60,25.296
1304.80,25.226
1305.00,25.266
1305.20,25.262
1305.40,25.238
1305.60,25.516
1305.80,25.216
1306.00,25.672
1306.20,24.852
1306.40,25.278
1306.60,25.268
1306.80,25.23
1307.00,25.366
1307.20,25.224
1307.40,25.262
1307.60,25.2
1307.80,25.274
1308.00,25.208
1308.20,25.32
1308.40,25.306
1308.60,25.224
1308.80,25.27
1309.00,25.19
1309.20,25.298
1309.40,25.226
1309.60,25.26
1309.80,25.196
1310.00,25.3
1310.20,25.232
1310.40,25.29
1310.60,25.18
1310.80,25.246
1311.00,25.356
1311.20,25.164
1311.40,25.306
1311.60,25.232
1311.80,25.24
1312.00,25.232
1312.20,25.262
1312.40,25.312
1312.60,25.226
1312.80,25.216
1313.00,25.282
1313.20,25.266
1313.40,25.188
1313.60,25.266
1313.80,25.278
1314.00,25.262
1314.20,25.246
1314.40,25.252
1314.60,25.31
1314.80,25.21
1315.00,25.216
1315.20,25.578
1315.40,25.226
1315.60,25.226
1315.80,25.194
1316.00,25.244
1316.20,25.3
1316.40,25.212
1316.60,25.336
1316.80,25.248
1317.00,25.278
1317.20,25.256
1317.40,25.204
1317.60,25.246
1317.80,25.354
1318.00,25.244
1318.20,25.3
1318.40,25.246
1318.60,25.23
1318.80,25.248
1319.00,25.27
1319.20,25.356
1319.40,25.226
1319.60,25.216
1319.80,25.256
1320.00,25.256
1320.20,25.274
1320.40,25.246
1320.60,25.336
1320.80,25.24
1321.00,25.254
1321.20,25.226
1321.40,25.218
1321.60,25.276
1321.80,25.234
1322.00,25.334
1322.20,25.254
1322.40,25.238
1322.60,25.254
1322.80,25.224
1323.00,25.256
1323.20,25.23
1323.40,25.336
1323.60,25.24
1323.80,25.218
1324.00,25.678
1324.20,24.844
1324.40,25.234
1324.60,25.274
1324.80,25.496
1325.00,25.24
1325.20,25.268
1325.40,25.186
1325.60,25.27
1325.80,25.19
1326.00,25.298
1326.20,25.274
1326.40,25.218
1326.60,25.24
1326.80,25.23
1327.00,25.224
1327.20,25.21
1327.40,25.358
1327.60,25.218
1327.80,25.254
1328.00,25.208
1328.20,25.266
1328.40,25.24
1328.60,25.262
1328.80,25.276
1329.00,25.21
1329.20,25.204
1329.40,25.27
1329.60,25.248
1329.80,25.29
1330.00,25.202
1330.20,25.344
1330.40,25.254
1330.60,25.222
1330.80,25.306
1331.00,25.222
1331.20,25.218
1331.40,25.296
1331.60,25.332
1331.80,25.212
1332.00,25.298
1332.20,25.172
1332.40,25.282
1332.60,25.26
1332.80,25.21
1333.00,25.314
1333.20,25.29
1333.40,25.268
1333.60,25.234
1333.80,25.204
1334.00,25.288
1334.20,25.444
1334.40,25.23
1334.60,25.256
1334.80,25.278
1335.00,25.238
1335.20,25.284
1335.40,25.116
1335.60,25.4
1335.80,25.29
1336.00,25.186
1336.20,25.226
1336.40,25.23
1336.60,25.246
1336.80,25.21
1337.00,25.354
1337.20,25.256
1337.40,25.262
1337.60,25.244
1337.80,25.268
1338.00,25.246
1338.20,25.26
1338.40,25.284
1338.60,25.276
1338.80,25.222
1339.00,25.26
1339.20,25.268
1339.40,25.282
1339.60,25.326
1339.80,25.318
1340.00,25.2
1340.20,25.292
1340.40,25.232
1340.60,25.21
1340.80,25.344
1341.00,25.212
1341.20,25.348
1341.40,25.234
1341.60,25.246
1341.80,25.252
1342.00,25.648
1342.20,24.85
1342.40,25.342
1342.60,25.166
1342.80,25.232
1343.00,25.232
1343.20,25.2
1343.40,25.31
1343.60,25.2
1343.80,25.628
1344.00,25.152
1344.20,25.222
1344.40,25.204
1344.60,25.202
1344.80,25.27
1345.00,25.218
1345.20,25.274
1345.40,25.298
1345.60,25.21
1345.80,25.26
1346.00,25.23
1346.20,25.254
1346.40,25.248
1346.60,25.348
1346.80,25.224
1347.00,25.2
1347.20,25.26
1347.40,25.252
1347.60,25.224
1347.80,25.248
1348.00,25.288
1348.20,25.282
1348.40,25.222
1348.60,25.232
1348.80,25.268
1349.00,25.26
1349.20,25.188
1349.40,25.37
1349.60,25.208
1349.80,25.232
1350.00,25.27
1350.20,25.256
1350.40,25.268
1350.60,25.326
1350.80,25.256
1351.00,25.248
1351.20,25.27
1351.40,25.266
1351.60,25.222
1351.80,25.23
1352.00,25.37
1352.20,25.204
1352.40,25.262
1352.60,25.234
1352.80,25.256
1353.00,25.31
1353.20,25.234
1353.40,25.516
1353.60,25.29
1353.80,25.256
1354.00,25.26
1354.20,25.256
1354.40,25.246
1354.60,25.304
1354.80,25.304
1355.00,25.29
1355.20,25.282
1355.40,25.288
1355.60,25.2
1355.80,25.238
1356.00,25.256
1356.20,25.312
1356.40,25.306
1356.60,25.21
1356.80,25.248
1357.00,25.278
1357.20,25.204
1357.40,25.23
1357.60,25.328
1357.80,25.234
1358.00,25.164
1358.20,25.284
1358.40,25.274
1358.60,25.248
1358.80,25.276
1359.00,25.222
1359.20,25.226
1359.40,25.238
1359.60,25.246
1359.80,25.23
1360.00,25.692
1360.20,24.908
1360.40,25.24
1360.60,25.212
1360.80,25.212
1361.00,25.234
1361.20,25.19
1361.40,25.196
1361.60,25.326
1361.80,25.212
1362.00,25.29
1362.20,25.284
1362.40,25.174
1362.60,25.232
1362.80,25.266
1363.00,25.564
1363.20,25.168
1363.40,25.232
1363.60,25.268
1363.80,25.222
1364.00,25.218
1364.20,25.202
1364.40,25.364
1364.60,25.232
1364.80,25.306
1365.00,25.18
1365.20,25.252
1365.40,25.296
1365.60,25.204
1365.80,25.366
1366.00,25.252
1366.20,25.182
1366.40,25.19
1366.60,25.336
1366.80,25.23
1367.00,25.326
1367.20,25.27
1367.40,25.222
1367.60,25.224
1367.80,25.32
1368.00,25.23
1368.20,25.298
1368.40,25.386
1368.60,25.226
1368.80,25.194
1369.00,25.212
1369.20,25.254
1369.40,25.26
1369.60,25.254
1369.80,25.362
1370.00,25.232
1370.20,25.21
1370.40,25.252
1370.60,25.256
1370.80,25.278
1371.00,25.23
1371.20,25.392
1371.40,25.274
1371.60,25.226
1371.80,25.254
1372.00,25.234
1372.20,25.292
1372.40,25.196
1372.60,25.642
1372.80,25.188
1373.00,25.24
1373.20,25.274
1373.40,25.248
1373.60,25.208
1373.80,25.254
1374.00,25.334
1374.20,25.21
1374.40,25.194
1374.60,25.34
1374.80,25.178
1375.00,25.268
1375.20,25.354
1375.40,25.186
1375.60,25.188
1375.80,25.296
1376.00,25.254
1376.20,25.19
1376.40,25.216
1376.60,25.354
1376.80,25.238
1377.00,25.252
1377.20,25.296
1377.40,25.19
1377.60,25.218
1377.80,25.2
1378.00,25.728
1378.20,24.84
1378.40,25.254
1378.60,25.252
1378.80,25.218
1379.00,25.208
1379.20,25.284
1379.40,25.31
1379.60,25.224
1379.80,25.27
1380.00,25.196
1380.20,25.266
1380.40,25.218
1380.60,25.278
1380.80,25.306
1381.00,25.24
1381.20,25.212
1381.40,25.218
1381.60,25.304
1381.80,25.244
1382.00,25.208
1382.20,25.494
1382.40,25.326
1382.60,25.21
1382.80,25.282
1383.00,25.208
1383.20,25.222
1383.40,25.356
1383.60,25.27
1383.80,25.254
1384.00,25.178
1384.20,25.256
1384.40,25.244
1384.60,25.254
1384.80,25.358
1385.00,25.174
1385.20,25.278
1385.40,25.252
1385.60,25.252
1385.80,25.292
